NAICS,Industry,Empl,Avg Ann Wages,LQ,Empl Change,Ann %,Total Demand,Exits,Transfers,Empl Growth,Ann % Growth
622110,General Medical and Surgical Hospitals ,5634,72004,1.69,-239,-0.008,422,211,220,-9,-0.002
621111,Offices of Physicians (except Mental Health Specialists) ,4089,103508,2.64,-28,-0.001,328,152,171,6,0.001
611110,Elementary and Secondary Schools ,4053,48226,0.93,113,0.006,367,188,195,-16,-0.004
524126,Direct Property and Casualty Insurance Carriers ,3407,73819,14.45,-2774,-0.112,251,108,153,-10,-0.003
722513,Limited-Service Restaurants ,3294,19036,1.4,-299,-0.017,612,277,340,-5,-0.002
722511,Full-Service Restaurants ,2980,24739,1.09,301,0.022,506,227,288,-9,-0.003
611310,"Colleges, Universities, and Professional Schools ",2391,60421,1.49,292,0.026,200,97,111,-9,-0.004
921140,"Executive and Legislative Offices, Combined ",1874,54638,1.97,167,0.019,174,78,102,-7,-0.004
621610,Home Health Care Services,1495,36667,1.49,113,0.016,196,100,79,17,0.011
561720,Janitorial Services ,1431,24627,1.97,-35,-0.005,185,94,96,-5,-0.003
445110,Supermarkets and Other Grocery Retailers (except Convenience Retailers) ,1397,29292,1.03,-56,-0.008,204,99,115,-9,-0.007
551114,"Corporate, Subsidiary, and Regional Managing Offices ",1384,83180,1.08,413,0.073,112,46,67,-1,-0.001
813110,Religious Organizations ,1256,25392,1.52,-133,-0.02,126,63,69,-6,-0.005
455211,Warehouse Clubs and Supercenters ,1142,28783,1.3,37,0.007,160,75,89,-4,-0.003
623110,Nursing Care Facilities (Skilled Nursing Facilities) ,1019,49130,1.25,122,0.026,110,58,61,-9,-0.009
441110,New Car Dealers ,959,82331,1.67,17,0.004,100,45,58,-3,-0.003
322130,Paperboard Mills ,902,102630,58.3,149,0.037,65,34,50,-18,-0.02
493110,General Warehousing and Storage ,847,50952,0.94,98,0.025,95,40,58,-3,-0.004
624410,Child Care Services ,803,24025,1.29,194,0.057,99,48,58,-7,-0.009
561320,Temporary Help Services,790,37110,0.62,-314,-0.065,78,36,48,-6,-0.008
541110,Offices of Lawyers,786,102907,1.3,14,0.004,56,27,32,-3,-0.004
322291,Sanitary Paper Product Manufacturing ,765,77346,53.15,368,0.14,67,31,45,-9,-0.011
492110,Couriers and Express Delivery Services,761,50039,1.39,208,0.066,82,34,48,0,0
721110,Hotels (except Casino Hotels) and Motels ,737,24684,0.92,-73,-0.019,104,48,56,-1,-0.001
561730,Landscaping Services,701,48870,1.28,18,0.005,79,32,50,-2,-0.004
327120,Clay Building Material and Refractories Manufacturing ,687,68884,61.83,196,0.07,65,28,39,-3,-0.004
455110,Department Stores ,637,35314,1.28,60,0.02,89,42,50,-2,-0.003
339993,"Fastener, Button, Needle, and Pin Manufacturing ",618,48297,239.74,-18,-0.006,55,24,36,-4,-0.007
812112,Beauty Salons ,609,22467,1.89,52,0.018,72,32,40,-1,-0.001
238212,Nonresidential electrical contractors,567,80272,1.45,62,0.023,49,19,30,0,0
457110,Gasoline Stations with Convenience Stores ,564,35308,1.24,54,0.02,81,45,48,-12,-0.021
621210,Offices of Dentists ,561,67986,1.03,37,0.014,52,25,27,0,0
624120,Services for the Elderly and Persons with Disabilities ,561,22758,0.41,244,0.121,87,45,34,8,0.014
441330,Automotive Parts and Accessories Retailers ,554,40322,2.66,64,0.025,58,25,34,-1,-0.003
458110,Clothing and Clothing Accessories Retailers ,534,19814,1.15,-33,-0.012,65,32,38,-5,-0.009
491110,Postal Service,531,73418,1.72,33,0.013,36,21,21,-6,-0.01
722310,Food Service Contractors,525,27372,1.62,66,0.027,84,37,46,0,0
444240,"Nursery, Garden Center, and Farm Supply Retailers ",505,32788,6.21,-14,-0.005,62,29,35,-2,-0.003
524210,Insurance Agencies and Brokerages ,498,84674,0.9,44,0.019,42,19,24,-1,-0.001
921190,Other General Government Support ,493,65087,2.1,-7,-0.003,43,20,26,-2,-0.005
455219,All Other General Merchandise Retailers ,476,24129,1.5,12,0.005,65,31,37,-2,-0.004
444110,Home Centers ,441,31059,1.19,8,0.004,56,26,32,-2,-0.003
622310,Specialty (except Psychiatric and Substance Abuse) Hospitals ,406,80171,2.51,100,0.058,33,15,17,2,0.004
238222,Nonresidential plumbing and HVAC contractors,400,81120,1.23,15,0.008,34,14,21,0,-0.001
611519,Other Technical and Trade Schools ,392,38264,8.05,12,0.006,33,16,18,-1,-0.001
522110,Commercial Banking ,387,88547,0.55,-205,-0.081,31,13,18,-1,-0.003
424490,Other Grocery and Related Products Merchant Wholesalers ,345,64916,2.71,-15,-0.009,36,15,21,-1,-0.002
332321,Metal Window and Door Manufacturing ,333,50689,9.65,162,0.143,31,13,19,-1,-0.003
456110,Pharmacies and Drug Retailers ,317,48741,0.91,-11,-0.007,31,15,18,-2,-0.007
923110,Administration of Education Programs ,311,43108,7.84,58,0.042,27,12,16,-1,-0.004
459110,Sporting Goods Retailers ,304,26020,2.02,41,0.029,36,18,22,-4,-0.012
621420,Outpatient Mental Health and Substance Abuse Centers ,297,53374,1.65,158,0.164,29,12,14,4,0.014
623311,Continuing Care Retirement Communities ,292,39753,1.14,-15,-0.01,40,20,19,1,0.005
541330,Engineering Services,288,97725,0.44,-21,-0.014,21,8,13,0,-0.001
488190,Other Support Activities for Air Transportation,287,75514,3.93,174,0.204,30,13,17,0,-0.001
332710,Machine Shops,283,60941,2.07,-1,-0.001,26,11,16,-1,-0.005
561110,Office Administrative Services,270,96325,0.71,98,0.094,24,10,14,0,0
623312,Assisted Living Facilities for the Elderly ,269,35027,0.99,1,0.001,37,18,18,1,0.005
236220,Commercial and Institutional Building Construction ,258,74152,0.63,10,0.008,20,8,12,0,0
531110,Lessors of Residential Buildings and Dwellings ,255,58588,1.22,28,0.023,24,12,13,0,-0.002
541211,Offices of Certified Public Accountants ,255,90676,0.93,-2,-0.001,21,10,12,-1,-0.003
621498,All Other Outpatient Care Centers ,253,60274,1.64,112,0.125,23,9,10,3,0.013
441340,Tire Dealers ,245,60265,2.42,-21,-0.016,26,11,15,-1,-0.003
531210,Offices of Real Estate Agents and Brokers,244,62473,0.79,-80,-0.055,21,11,11,-1,-0.002
623990,Other Residential Care Facilities ,243,40546,2.63,26,0.023,28,14,15,-1,-0.003
484121,"General Freight Trucking, Long-Distance, Truckload ",242,60525,0.81,-15,-0.012,24,10,14,-1,-0.002
561330,Professional Employer Organizations,239,29201,1.13,-25,-0.02,22,10,14,-2,-0.009
621492,Kidney Dialysis Centers ,229,64891,3.49,47,0.046,21,8,9,3,0.013
722514,"Cafeterias, Grill Buffets, and Buffets ",222,22272,5.03,-94,-0.068,40,18,23,0,-0.002
326211,Tire Manufacturing (except Retreading) ,219,62406,8.71,-100,-0.072,21,8,13,-1,-0.004
485410,School and Employee Bus Transportation,217,33897,1.62,43,0.046,32,22,11,-1,-0.003
713910,Golf Courses and Country Clubs,216,32288,0.94,68,0.079,35,15,20,0,0.001
237310,"Highway, Street, and Bridge Construction ",212,74473,0.75,122,0.186,17,7,10,0,-0.002
327420,Gypsum Product Manufacturing,212,88328,33.53,61,0.07,20,9,12,-1,-0.004
522130,Credit Unions ,212,53480,1.32,-8,-0.008,17,7,10,-1,-0.003
722515,Snack and Nonalcoholic Beverage Bars ,211,19288,0.42,-27,-0.024,39,18,22,0,-0.002
456120,"Cosmetics, Beauty Supplies, and Perfume Retailers ",207,20053,1.68,14,0.014,23,11,14,-2,-0.008
238221,Residential plumbing and HVAC contractors,205,52077,0.52,34,0.037,18,7,11,0,0
236118,Residential Remodelers ,197,43007,0.51,32,0.036,16,6,9,0,0
811111,General Automotive Repair ,194,58264,0.81,-40,-0.037,16,7,10,-1,-0.005
327390,Other Concrete Product Manufacturing ,193,39241,6.59,16,0.017,18,8,11,-1,-0.004
812990,All Other Personal Services ,191,17626,1.16,84,0.124,27,10,16,1,0.004
484122,"General Freight Trucking, Long-Distance, Less Than Truckload ",187,72698,1.43,20,0.023,18,8,11,-1,-0.004
221122,Electric Power Distribution ,185,97854,1.27,47,0.06,16,6,9,0,0.002
424810,Beer and Ale Merchant Wholesalers ,181,104745,3.13,71,0.105,19,8,11,0,-0.002
449210,Electronics and Appliance Retailers ,179,42420,0.9,-53,-0.05,18,8,11,-2,-0.01
722410,Drinking Places (Alcoholic Beverages) ,179,24688,0.83,73,0.111,28,11,17,0,-0.001
713940,Fitness and Recreational Sports Centers ,168,15014,0.44,41,0.057,28,11,16,1,0.005
922140,Correctional Institutions ,168,52219,0.72,-24,-0.027,14,6,9,-1,-0.005
444140,Hardware Retailers ,163,65203,1.83,62,0.101,21,10,12,-1,-0.003
811192,Car Washes ,163,27655,1.53,54,0.085,19,8,11,-1,-0.005
322220,Paper Bag and Coated and Treated Paper Manufacturing,162,72374,5.88,6,0.007,14,7,10,-2,-0.011
541611,Administrative Management and General Management Consulting Services ,161,57544,0.32,-373,-0.213,14,5,8,0,0.003
621910,Ambulance Services ,161,44476,1.6,-30,-0.033,11,4,7,0,-0.002
423810,Construction and Mining (except Oil Well) Machinery and Equipment Merchant Wholesalers ,159,76151,2.84,37,0.055,15,6,9,0,-0.001
624110,Child and Youth Services ,159,29845,1.05,-37,-0.041,17,7,9,2,0.011
425120,Wholesale Trade Agents and Brokers ,158,86914,0.65,-40,-0.044,14,6,9,-1,-0.005
813910,Business Associations ,157,70501,2.52,-242,-0.17,14,6,9,-1,-0.004
326122,Plastics Pipe and Pipe Fitting Manufacturing ,156,56325,9.68,19,0.027,16,6,9,0,-0.001
423610,"Electrical Apparatus and Equipment, Wiring Supplies, and Related Equipment Merchant Wholesalers ",154,75791,1.5,-15,-0.018,15,6,9,0,-0.002
541620,Environmental Consulting Services,142,69400,2.44,89,0.218,12,5,7,1,0.004
423830,Industrial Machinery and Equipment Merchant Wholesalers ,140,100389,0.79,-11,-0.014,13,5,8,0,-0.001
482110,Rail Transportation (non-covered),140,101476,1.78,-5,-0.006,11,4,8,-1,-0.005
623220,Residential Mental Health and Substance Abuse Facilities ,140,46536,0.96,3,0.004,15,7,7,1,0.005
811121,"Automotive Body, Paint, and Interior Repair and Maintenance ",140,54731,1.02,-3,-0.004,12,5,7,0,-0.003
322120,Paper Mills ,137,92081,5.52,137,n/a,10,5,8,-3,-0.02
541990,"All Other Professional, Scientific, and Technical Services",135,40085,0.53,65,0.139,11,4,6,0,0
622210,Psychiatric and Substance Abuse Hospitals ,135,55104,1.04,28,0.048,11,6,6,-1,-0.007
541219,Other Accounting Services ,134,56006,0.72,-68,-0.079,11,5,6,0,-0.003
811310,Commercial and Industrial Machinery and Equipment (except Automotive and Electronic) Repair and Maintenance ,133,63528,1.02,20,0.033,12,5,7,0,0.002
922120,Police Protection ,132,116057,0.38,0,0.001,11,5,7,-1,-0.009
323111,Commercial Printing (except Screen and Books) ,131,50138,0.98,-6,-0.01,10,6,8,-3,-0.022
561210,Facilities Support Services,131,27844,1.28,-140,-0.135,15,7,8,0,0
621511,Medical Laboratories ,130,39623,1.11,17,0.028,11,5,6,0,0.001
999999,Unclassified,130,53745,0.97,20,0.034,14,6,8,0,-0.003
531311,Residential Property Managers ,128,52845,0.42,9,0.014,12,6,6,0,-0.002
611710,Educational Support Services,128,45747,0.88,-91,-0.102,13,6,7,1,0.006
311340,Nonchocolate Confectionery Manufacturing,127,39245,8.82,29,0.052,15,6,9,0,-0.003
424690,Other Chemical and Allied Products Merchant Wholesalers ,127,104128,2.05,17,0.028,11,5,7,0,-0.002
561612,Security Guards and Patrol Services ,127,43514,0.3,-144,-0.14,16,7,9,0,-0.001
445132,Vending Machine Operators ,125,54214,6.06,-2,-0.004,18,9,10,-1,-0.007
561621,Security Systems Services (except Locksmiths) ,125,72260,1.59,8,0.014,12,5,7,1,0.005
523150,Investment Banking and Securities Intermediation ,124,286783,0.54,23,0.043,9,4,5,0,0
711510,"Independent Artists, Writers, and Performers ",124,25111,0.62,3,0.004,11,5,6,0,-0.002
561311,Employment Placement Agencies ,121,43902,0.93,-221,-0.188,11,5,7,-1,-0.008
711310,"Promoters of Performing Arts, Sports, and Similar Events with Facilities ",121,104940,1.48,101,0.437,16,7,9,0,0.001
458210,Shoe Retailers ,119,16629,1.34,-54,-0.072,14,7,8,-1,-0.01
561710,Exterminating and Pest Control Services,119,49827,1.45,-1,-0.002,14,4,10,0,-0.002
561439,Other Business Service Centers (including Copy Shops) ,116,79807,5.48,-31,-0.046,12,5,7,-1,-0.009
313230,Nonwoven Fabric Mills,114,56203,15.25,-13,-0.022,11,6,7,-2,-0.016
327320,Ready-Mix Concrete Manufacturing,114,50673,2.09,3,0.006,11,5,7,0,-0.004
423110,Automobile and Other Motor Vehicle Merchant Wholesalers ,113,80617,1.59,68,0.199,11,5,7,0,-0.001
444120,Paint and Wallpaper Retailers ,113,43625,5.36,82,0.298,14,7,8,0,-0.003
812113,Nail Salons ,112,30916,0.88,39,0.088,13,6,7,0,-0.002
541940,Veterinary Services ,111,45238,0.45,16,0.031,13,5,8,0,0.003
532412,"Construction, Mining, and Forestry Machinery and Equipment Rental and Leasing ",109,84333,2.1,55,0.151,10,4,6,0,-0.005
541512,Computer Systems Design Services ,109,71773,0.18,3,0.006,8,3,5,1,0.009
449110,Furniture Retailers ,108,46965,1.08,-2,-0.004,12,6,7,-1,-0.011
923120,Administration of Public Health Programs ,106,45621,0.71,9,0.018,9,4,5,-1,-0.005
541511,Custom Computer Programming Services ,105,140167,0.19,-20,-0.035,8,3,4,1,0.008
324122,Asphalt Shingle and Coating Materials Manufacturing ,104,81141,14.67,59,0.182,8,3,6,-1,-0.009
458310,Jewelry Retailers ,104,38126,1.55,17,0.037,11,6,7,-1,-0.013
812210,Funeral Homes and Funeral Services ,104,40713,1.93,11,0.022,12,6,7,0,-0.005
925110,Administration of Housing Programs ,104,53488,3.1,3,0.006,9,4,6,0,-0.004
332312,Fabricated Structural Metal Manufacturing ,103,61571,1.99,50,0.144,10,4,6,0,-0.003
812199,Other Personal Care Services ,103,14938,0.84,52,0.153,12,5,7,0,0
517111,Wired Telecommunications Carriers ,101,93484,0.45,-43,-0.069,7,3,5,-1,-0.015
519210,Libraries and Archives ,100,32086,1.19,37,0.096,8,3,5,1,0.007
623210,Residential Intellectual and Developmental Disability Facilities ,100,39531,0.38,87,0.486,13,7,6,0,-0.002
441227,"Motorcycle, ATV, and All Other Motor Vehicle Dealers ",98,63006,2.48,20,0.047,11,5,6,0,0
238162,Nonresidential roofing contractors,97,128109,1.58,-43,-0.07,7,3,5,0,-0.001
922110,Courts ,96,104271,0.87,-12,-0.023,8,4,5,-1,-0.01
238991,All other residential trade contractors,94,46271,0.54,39,0.113,8,3,5,0,0.001
238211,Residential electrical contractors,93,36749,0.42,-15,-0.029,8,3,5,0,0
337110,Wood Kitchen Cabinet and Countertop Manufacturing,93,40674,1.52,25,0.066,8,4,5,-1,-0.011
624190,Other Individual and Family Services ,93,42233,0.27,1,0.002,10,4,5,1,0.011
444180,Other Building Material Dealers ,92,47863,0.72,44,0.14,12,5,7,0,-0.004
485113,Bus and Other Motor Vehicle Transit Systems ,92,47439,1.57,40,0.123,10,6,4,0,-0.002
922130,Legal Counsel and Prosecution ,91,93066,1.46,8,0.019,7,3,5,-1,-0.007
541513,Computer Facilities Management Services ,89,78315,2.03,41,0.132,7,2,4,1,0.01
445131,Convenience Retailers ,88,32612,1.03,-13,-0.026,13,6,7,-1,-0.007
624221,Temporary Shelters ,87,47172,1.77,35,0.109,9,4,5,0,0.003
711320,"Promoters of Performing Arts, Sports, and Similar Events without Facilities ",86,27780,2.85,79,0.667,11,4,6,0,0.001
624310,Vocational Rehabilitation Services ,85,37478,0.54,-56,-0.096,8,5,5,-2,-0.018
332322,Sheet Metal Work Manufacturing ,84,54116,1.39,5,0.013,8,3,5,0,-0.002
459120,"Hobby, Toy, and Game Retailers ",84,23096,1.21,-34,-0.066,10,5,6,-1,-0.014
713950,Bowling Centers,83,17213,2.28,7,0.018,13,6,8,0,0.001
522299,"International, Secondary Market, and All Other Nondepository Credit Intermediation ",82,70429,1.77,9,0.023,6,3,4,-1,-0.006
621999,All Other Miscellaneous Ambulatory Health Care Services ,82,62339,1.36,24,0.073,8,3,4,0,0.005
445320,"Beer, Wine, and Liquor Retailers ",81,25971,0.85,4,0.01,12,6,6,-1,-0.008
523940,Portfolio Management and Investment Advice ,81,96385,0.28,-9,-0.021,6,3,4,0,0
441120,Used Car Dealers ,79,56015,0.79,-20,-0.044,8,4,5,0,-0.003
621493,Freestanding Ambulatory Surgical and Emergency Centers ,79,44827,0.83,-14,-0.033,7,3,3,1,0.013
812111,Barber Shops ,79,18762,1.94,-1,-0.003,9,4,5,0,-0.002
562111,Solid Waste Collection ,77,95629,0.77,-23,-0.051,8,3,5,0,0
621320,Offices of Optometrists,77,58274,0.95,43,0.177,7,4,4,0,0.002
423710,Hardware Merchant Wholesalers ,75,89936,1.6,-32,-0.069,7,3,4,0,-0.002
484110,"General Freight Trucking, Local ",75,38778,0.44,46,0.211,7,3,4,0,0
238911,Residential site preparation contractors,74,29072,0.51,1,0.004,6,3,4,0,0.001
236115,New Single-Family Housing Construction (except For-Sale Builders) ,72,53559,0.28,-2,-0.004,6,2,3,0,0
322219,Other Paperboard Container Manufacturing ,71,69027,5.47,-6,-0.016,6,3,4,-1,-0.011
484210,Used Household and Office Goods Moving,70,33277,1.46,-21,-0.052,7,3,4,0,-0.004
339116,Dental Laboratories ,69,56290,3.09,5,0.016,7,3,4,0,-0.001
423720,Plumbing and Heating Equipment and Supplies (Hydronics) Merchant Wholesalers ,69,92503,1.11,-1,-0.002,7,3,4,0,-0.002
423930,Recyclable Material Merchant Wholesalers ,69,54560,1.31,-14,-0.037,7,3,4,0,-0.002
459999,All Other Miscellaneous Retailers ,69,31465,0.64,5,0.015,8,4,5,-1,-0.011
722320,Caterers,69,17391,0.65,7,0.022,11,5,6,0,0
722330,Mobile Food Services,69,12196,1.35,39,0.184,10,4,6,0,-0.001
922150,Parole Offices and Probation Offices ,69,55473,3.48,11,0.034,6,3,4,0,-0.005
212313,Crushed and Broken Granite Mining and Quarrying ,65,81415,20.18,-13,-0.035,6,2,4,0,0.001
423330,"Roofing, Siding, and Insulation Material Merchant Wholesalers ",65,67883,2.72,15,0.055,6,3,4,0,-0.002
811210,Electronic and Precision Equipment Repair and Maintenance ,65,43629,1.15,-10,-0.028,6,2,3,0,-0.001
524113,Direct Life Insurance Carriers ,64,96419,0.6,-100,-0.172,5,2,3,0,-0.003
621330,Offices of Mental Health Practitioners (except Physicians) ,64,46817,0.35,27,0.114,6,2,3,1,0.015
423820,Farm and Garden Machinery and Equipment Merchant Wholesalers ,63,70524,1.09,60,0.764,6,2,3,0,-0.006
532120,"Truck, Utility Trailer, and RV (Recreational Vehicle) Rental and Leasing ",63,54588,1.24,-17,-0.046,7,3,4,0,-0.002
238351,Residential finish carpentry contractors,62,40667,0.57,1,0.005,5,2,3,0,-0.002
456130,Optical Goods Retailers ,62,47822,1.67,9,0.032,7,3,4,0,-0.005
459510,Used Merchandise Retailers ,62,28758,0.48,18,0.069,7,4,4,-1,-0.017
621112,"Offices of Physicians, Mental Health Specialists ",60,51989,1.12,31,0.159,4,2,2,0,0
713990,All Other Amusement and Recreation Industries ,59,20646,0.33,-3,-0.008,9,4,5,0,0.001
921130,Public Finance Activities ,59,83940,0.4,22,0.1,5,2,3,-1,-0.009
237130,Power and Communication Line and Related Structures Construction ,58,67000,0.46,6,0.024,5,2,3,0,0.002
423130,Tire and Tube Merchant Wholesalers ,58,44563,3.29,-5,-0.017,6,2,3,0,-0.001
423990,Other Miscellaneous Durable Goods Merchant Wholesalers ,58,53154,1.05,8,0.028,5,2,3,0,-0.003
212323,"Kaolin, Clay, and Ceramic and Refractory Minerals Mining ",57,61163,18.19,57,n/a,5,2,3,0,0.001
238292,Other nonresidential equipment contractors,57,89544,0.76,10,0.038,5,2,3,0,-0.001
561440,Collection Agencies,57,52451,1.29,-10,-0.033,6,3,4,0,-0.009
925120,Administration of Urban Planning and Community and Rural Development ,57,74397,2.61,-4,-0.014,5,2,3,0,-0.005
923130,"Administration of Human Resource Programs (except Education, Public Health, and Veterans' Affairs Programs) ",56,104082,0.26,-7,-0.025,4,2,3,-1,-0.011
423310,"Lumber, Plywood, Millwork, and Wood Panel Merchant Wholesalers ",55,62892,0.93,32,0.192,5,2,3,0,-0.002
423320,"Brick, Stone, and Related Construction Material Merchant Wholesalers ",55,94925,1.62,-10,-0.033,5,2,3,0,-0.002
561422,Telemarketing Bureaus and Other Contact Centers ,55,45799,0.35,11,0.045,6,3,3,0,-0.009
611691,Exam Preparation and Tutoring ,55,55799,0.86,26,0.136,6,3,4,-1,-0.009
335314,Relay and Industrial Control Manufacturing ,53,74593,2.49,53,n/a,5,2,3,0,-0.001
449129,All Other Home Furnishings Retailers ,53,18957,0.8,-26,-0.077,6,3,4,-1,-0.011
488410,Motor Vehicle Towing,53,51088,1.32,-3,-0.01,5,2,3,0,-0.001
541310,Architectural Services,52,113686,0.47,-5,-0.017,4,2,2,0,-0.002
812220,Cemeteries and Crematories ,52,48349,2.81,9,0.037,6,3,3,0,-0.005
459991,"Tobacco, Electronic Cigarette, and Other Smoking Supplies Retailers ",51,24245,0.54,20,0.102,6,3,4,-1,-0.012
541213,Tax Preparation Services ,51,29145,0.78,-9,-0.031,4,2,2,0,-0.003
621399,Offices of All Other Miscellaneous Health Practitioners ,51,58222,0.39,6,0.025,5,2,2,0,0.002
311230,Breakfast Cereal Manufacturing,50,52024,7.45,20,0.105,5,2,3,0,-0.005
813319,Other Social Advocacy Organizations ,50,49893,0.71,-11,-0.039,5,2,3,0,0.001
924120,Administration of Conservation Programs ,50,59015,0.39,-101,-0.199,4,2,2,0,-0.006
115310,Support Activities for Forestry,49,123043,3.58,-19,-0.062,5,2,3,0,-0.005
311421,Fruit and Vegetable Canning ,49,38382,1.73,21,0.118,5,2,3,0,-0.006
424430,Dairy Product (except Dried or Canned) Merchant Wholesalers ,49,61589,2.78,2,0.008,5,2,3,0,-0.002
459910,Pet and Pet Supplies Retailers ,49,28240,0.69,10,0.049,6,3,3,0,-0.009
811191,Automotive Oil Change and Lubrication Shops ,49,36431,1.18,11,0.05,6,2,3,0,-0.005
814110,Private Households,49,52114,0.47,-33,-0.097,7,4,4,0,-0.005
459210,Book Retailers and News Dealers ,48,19460,1.33,-6,-0.024,6,3,4,-1,-0.021
333415,Air-Conditioning and Warm Air Heating Equipment and Commercial and Industrial Refrigeration Equipment Manufacturing ,46,88136,0.9,14,0.076,4,2,3,0,-0.005
516110,Radio Broadcasting Stations ,46,83433,1.69,0,-0.001,4,2,3,-1,-0.012
541850,Indoor and Outdoor Display Advertising,46,59936,2.65,18,0.107,4,2,2,0,-0.003
314910,Textile Bag and Canvas Mills ,45,41582,3.8,36,0.373,4,2,3,-1,-0.017
424990,Other Miscellaneous Nondurable Goods Merchant Wholesalers ,45,91259,0.94,29,0.238,4,2,3,0,-0.005
441222,Boat Dealers ,45,58001,2.26,16,0.09,5,2,3,0,0
459420,"Gift, Novelty, and Souvenir Retailers ",45,22904,0.56,6,0.027,5,3,3,-1,-0.017
813930,Labor Unions and Similar Labor Organizations ,45,12577,0.81,2,0.01,3,2,2,0,-0.009
238321,Residential painting contractors,44,29871,0.37,-25,-0.087,4,2,2,0,0.001
423730,Warm Air Heating and Air-Conditioning Equipment and Supplies Merchant Wholesalers ,44,132379,1.01,8,0.041,4,2,3,0,-0.002
541410,Interior Design Services,44,46534,0.93,5,0.026,3,1,2,0,-0.003
812910,Pet Care (except Veterinary) Services ,44,19756,0.35,14,0.081,6,2,4,0,0.004
327215,Glass Product Manufacturing Made of Purchased Glass ,43,63534,1.84,20,0.137,4,2,2,0,-0.004
484230,"Specialized Freight (except Used Goods) Trucking, Long-Distance ",43,69181,0.64,-136,-0.247,4,2,2,0,-0.004
485320,Limousine Service,43,10599,0.5,-4,-0.016,4,2,2,0,0.004
312111,Soft Drink Manufacturing ,42,56405,0.98,42,n/a,5,2,3,0,0.006
334513,"Instruments and Related Products Manufacturing for Measuring, Displaying, and Controlling Industrial Process Variables ",42,69887,1.46,42,n/a,3,1,2,0,-0.002
621340,"Offices of Physical, Occupational and Speech Therapists, and Audiologists ",42,42830,0.15,-29,-0.1,4,2,2,1,0.015
813410,Civic and Social Organizations ,42,37543,0.22,-2,-0.007,6,3,4,0,-0.002
312120,Breweries,41,37578,0.75,39,0.783,5,2,3,0,0.006
321920,Wood Container and Pallet Manufacturing,41,42932,1.2,12,0.07,4,2,2,0,-0.004
492210,Local Messengers and Local Delivery,41,17444,0.27,18,0.123,4,2,2,0,0.006
518210,"Computing Infrastructure Providers, Data Processing, Web Hosting, and Related Services",41,70589,0.16,16,0.107,3,1,2,0,0.011
212321,Construction Sand and Gravel Mining ,40,63564,2.4,-51,-0.151,4,1,2,0,0.001
321113,Sawmills ,40,51370,0.98,0,0,4,2,3,0,-0.007
532111,Passenger Car Rental ,40,53673,0.69,-10,-0.044,4,2,2,0,-0.002
611620,Sports and Recreation Instruction ,40,21984,0.32,3,0.016,5,2,3,0,-0.004
237110,Water and Sewer Line and Related Structures Construction ,39,74525,0.34,-5,-0.026,3,1,2,0,0
332311,Prefabricated Metal Building and Component Manufacturing ,39,60206,1.96,34,0.55,4,1,2,0,-0.003
332313,Plate Work Manufacturing ,39,75862,1.53,-5,-0.025,4,1,2,0,-0.003
423420,Office Equipment Merchant Wholesalers ,39,50904,1.16,-18,-0.074,3,1,2,0,0
522291,Consumer Lending ,39,56170,0.83,-11,-0.048,3,1,2,0,-0.006
531390,Other Activities Related to Real Estate ,39,68547,0.41,-9,-0.04,3,2,2,0,-0.004
541613,Marketing Consulting Services ,39,72534,0.19,12,0.079,3,1,2,0,0.002
424940,Tobacco Product and Electronic Cigarette Merchant Wholesalers ,37,63655,2.84,-4,-0.023,4,2,2,0,-0.004
456199,All Other Health and Personal Care Retailers ,37,59895,0.81,-12,-0.054,4,2,2,0,-0.007
457210,Fuel Dealers ,37,72193,1.03,31,0.433,3,2,2,-1,-0.016
485310,Taxi and Ridesharing Services ,37,10599,0.29,14,0.101,4,2,2,0,0.004
812331,Linen Supply ,37,49375,1.12,21,0.182,4,2,2,0,-0.004
311811,Retail Bakeries ,36,12905,0.57,22,0.213,5,2,3,0,0
459310,Florists ,36,20819,1.1,4,0.026,4,2,2,-1,-0.015
481111,Scheduled Passenger Air Transportation ,36,84146,0.14,5,0.028,4,2,2,0,-0.001
532289,All Other Consumer Goods Rental ,35,42581,1.04,12,0.088,3,1,2,0,-0.005
541430,Graphic Design Services,35,46570,0.78,3,0.021,3,1,2,0,-0.003
238311,Residential drywall contractors,34,60257,0.41,1,0.008,3,1,2,0,-0.001
449121,Floor Covering Retailers ,34,47295,0.92,-7,-0.039,4,2,2,0,-0.011
485999,All Other Transit and Ground Passenger Transportation ,34,32002,1.37,-17,-0.076,4,2,2,0,0.004
315250,Cut and Sew Apparel Manufacturing (except Contractors) ,33,39824,1.35,-10,-0.052,3,2,2,-1,-0.034
488510,Freight Transportation Arrangement ,33,43270,0.24,8,0.057,3,1,2,0,0.003
621512,Diagnostic Imaging Centers ,33,54579,0.73,-31,-0.124,3,1,2,0,0.001
236210,Industrial Building Construction ,32,60362,0.37,-4,-0.023,2,1,2,0,0
311911,Roasted Nuts and Peanut Butter Manufacturing ,32,35908,3.71,11,0.086,4,1,2,0,0.003
444230,Outdoor Power Equipment Retailers ,32,43532,1.95,8,0.056,4,2,2,0,-0.004
561410,Document Preparation Services,32,63352,0.94,-6,-0.034,3,1,2,0,-0.009
561740,Carpet and Upholstery Cleaning Services,32,28197,1.42,0,0,4,2,2,0,-0.004
561790,Other Services to Buildings and Dwellings ,32,29256,0.37,-2,-0.009,4,2,2,0,-0.004
712110,Museums ,32,31716,0.55,-7,-0.04,4,2,2,0,0.003
238992,All other nonresidential trade contractors,31,43315,0.28,12,0.104,3,1,2,0,0
322299,All Other Converted Paper Product Manufacturing ,31,64456,3.42,31,n/a,3,1,2,0,-0.011
423840,Industrial Supplies Merchant Wholesalers,31,73799,0.56,4,0.028,3,1,2,0,-0.002
423850,Service Establishment Equipment and Supplies Merchant Wholesalers ,31,34782,1.05,-1,-0.008,3,1,2,0,-0.001
811114,Specialized Automotive Repair ,31,50791,1.21,6,0.041,3,1,2,0,-0.004
928110,National Security ,31,71492,0.11,-1,-0.003,2,1,1,0,-0.01
238161,Residential roofing contractors,30,56307,0.34,-16,-0.082,2,1,1,0,0
321992,Prefabricated Wood Building Manufacturing ,30,49501,3.13,30,n/a,3,1,2,0,-0.004
326191,Plastics Plumbing Fixture Manufacturing ,30,46392,4.02,-12,-0.063,3,1,2,0,-0.001
423140,Motor Vehicle Parts (Used) Merchant Wholesalers ,30,45526,2.64,24,0.373,3,1,2,0,-0.001
531312,Nonresidential Property Managers ,30,62520,0.32,-43,-0.163,3,1,1,0,-0.002
621310,Offices of Chiropractors ,30,39646,0.38,-2,-0.014,3,1,1,0,0
813219,Other Grantmaking and Giving Services ,30,64382,1.22,16,0.17,3,1,2,0,0
325510,Paint and Coating Manufacturing,29,46821,1.31,13,0.122,3,1,2,0,-0.003
424410,General Line Grocery Merchant Wholesalers ,29,61735,0.22,3,0.023,3,1,2,0,-0.002
488111,Air Traffic Control,29,60015,2.78,-1,-0.008,3,1,2,0,-0.001
512110,Motion Picture and Video Production ,29,26162,0.24,-5,-0.033,2,1,2,0,-0.002
541320,Landscape Architectural Services,29,20769,1.19,4,0.028,2,1,1,0,-0.003
541890,Other Services Related to Advertising ,29,57373,0.53,0,0.002,3,1,2,0,-0.003
561591,Convention and Visitors Bureaus ,29,56401,4.8,11,0.097,3,1,2,0,-0.001
624210,Community Food Services ,29,48389,1.07,-7,-0.043,3,1,2,0,0.003
113310,Logging ,28,40882,1.06,21,0.333,3,2,2,0,-0.011
321999,All Other Miscellaneous Wood Product Manufacturing ,28,47904,1.68,-20,-0.103,3,1,2,0,-0.004
424720,Petroleum and Petroleum Products Merchant Wholesalers (except Bulk Stations and Terminals) ,28,81206,0.8,-10,-0.059,3,1,2,0,-0.004
516210,"Media Streaming Distribution Services, Social Networks, and Other Media Networks and Content Providers",28,83671,0.23,-40,-0.163,2,1,1,0,-0.002
532283,Home Health Equipment Rental ,28,59735,1.69,1,0.007,3,1,2,0,-0.005
812332,Industrial Launderers ,28,59731,0.84,7,0.064,3,2,2,0,-0.004
457120,Other Gasoline Stations ,27,39023,0.57,26,n/a,4,2,2,-1,-0.021
524291,Claims Adjusting ,27,62792,0.69,-15,-0.083,2,1,1,0,-0.002
621391,Offices of Podiatrists ,27,42671,1.6,5,0.042,3,1,1,0,0.007
621410,Family Planning Centers ,27,51066,1.75,20,0.304,2,1,1,0,0.013
811122,Automotive Glass Replacement Shops ,27,55819,1.27,12,0.12,2,1,1,0,-0.003
812320,Drycleaning and Laundry Services (except Coin-Operated) ,27,25756,0.56,-33,-0.148,3,2,2,0,-0.003
333248,All Other Industrial Machinery Manufacturing ,26,75872,0.75,26,n/a,2,1,1,0,-0.005
424820,Wine and Distilled Alcoholic Beverage Merchant Wholesalers ,26,67795,0.51,26,n/a,3,1,2,0,-0.002
621491,HMO Medical Centers ,26,142043,0.22,18,0.264,2,1,1,0,0.013
238331,Residential flooring contractors,25,39693,0.47,-8,-0.056,2,1,1,0,-0.002
423510,Metal Service Centers and Other Metal Merchant Wholesalers ,25,62095,0.37,-19,-0.107,2,1,1,0,-0.002
517112,Wireless Telecommunications Carriers (except Satellite),25,91836,0.6,-27,-0.137,2,1,1,0,-0.015
561613,Armored Car Services ,25,61295,1.87,13,0.157,3,1,2,0,-0.001
541214,Payroll Services ,24,55680,0.21,-3,-0.024,2,1,1,0,-0.003
541370,Surveying and Mapping (except Geophysical) Services,24,64775,0.79,6,0.056,2,1,1,0,-0.002
561611,Investigation and Personal Background Check Services ,24,48032,0.88,13,0.18,3,1,2,0,0
711212,Racetracks ,24,13593,1.54,22,0.609,3,1,2,0,-0.001
311812,Commercial Bakeries ,23,23481,0.3,3,0.024,3,1,2,0,0
323113,Commercial Screen Printing ,23,25703,0.56,0,0.002,2,1,1,0,-0.021
531120,Lessors of Nonresidential Buildings (except Miniwarehouses) ,23,32519,0.27,-11,-0.078,2,1,1,0,-0.002
541921,"Photography Studios, Portrait ",23,35936,0.53,3,0.03,2,1,1,0,-0.002
561990,All Other Support Services,23,44334,0.19,-23,-0.13,2,1,1,0,-0.003
711211,Sports Teams and Clubs ,23,88999,0.32,10,0.118,3,1,2,0,-0.001
813211,Grantmaking Foundations ,23,98356,0.54,6,0.061,2,1,1,0,0
314120,Curtain and Linen Mills,22,38280,3.21,16,0.321,2,1,1,0,-0.017
332999,All Other Miscellaneous Fabricated Metal Product Manufacturing ,22,54330,0.51,22,1.053,2,1,1,0,-0.016
532420,Office Machinery and Equipment Rental and Leasing,22,74978,4.02,22,n/a,2,1,1,0,-0.005
813212,Voluntary Health Organizations ,22,80763,1.01,-6,-0.047,2,1,1,0,0
238912,Nonresidential site preparation contractors,21,77790,0.15,-8,-0.062,2,1,1,0,0
456191,Food (Health) Supplement Retailers ,21,44922,0.66,-5,-0.044,2,1,1,0,-0.009
459130,"Sewing, Needlework, and Piece Goods Retailers ",21,16949,1.01,-17,-0.114,2,1,1,0,-0.015
485991,Special Needs Transportation ,21,30999,0.48,16,0.304,3,2,1,0,0.004
516120,Television Broadcasting Stations,21,27791,0.63,-61,-0.239,1,1,1,0,-0.011
541199,All Other Legal Services ,21,80377,0.88,20,0.792,1,1,1,0,-0.004
221210,Natural Gas Distribution ,20,104309,0.32,2,0.024,2,1,1,0,-0.009
238152,Nonresidential glass and glazing contractors,20,122686,0.83,-1,-0.014,2,1,1,0,-0.001
238332,Nonresidential flooring contractors,20,41049,1.12,9,0.14,2,1,1,0,-0.004
321912,"Cut Stock, Resawing Lumber, and Planing ",20,43849,2.94,20,n/a,2,1,1,0,-0.004
339950,Sign Manufacturing,20,29679,0.42,-2,-0.02,2,1,1,0,-0.007
484220,"Specialized Freight (except Used Goods) Trucking, Local ",20,47624,0.17,-4,-0.038,2,1,1,0,-0.002
523991,"Trust, Fiduciary, and Custody Activities ",20,67387,1.59,0,-0.002,1,1,1,0,0
531320,Offices of Real Estate Appraisers ,20,56873,1.07,-9,-0.069,2,1,1,0,-0.002
532490,Other Commercial and Industrial Machinery and Equipment Rental and Leasing ,20,45689,0.45,7,0.085,2,1,1,0,-0.005
337122,Nonupholstered Wood Household Furniture Manufacturing ,19,35461,1.37,8,0.107,2,1,1,0,-0.011
423450,"Medical, Dental, and Hospital Equipment and Supplies Merchant Wholesalers ",19,43520,0.11,-10,-0.081,2,1,1,0,0
445250,Fish and Seafood Retailers ,19,26342,2.42,5,0.062,3,1,2,0,-0.007
459140,Musical Instrument and Supplies Retailers ,19,26455,1.03,-3,-0.026,2,1,1,0,-0.014
459410,Office Supplies and Stationery Retailers ,19,33044,0.6,-33,-0.181,2,1,1,0,-0.016
512131,Motion Picture Theaters (except Drive-Ins) ,19,12625,0.32,1,0.008,4,2,2,0,-0.004
541612,Human Resources Consulting Services ,19,48164,0.37,2,0.018,2,1,1,0,0.003
811198,All Other Automotive Repair and Maintenance ,19,37090,0.94,0,-0.005,2,1,1,0,-0.005
112000,Animal Production (Proprietors),18,16715,0.09,4,0.055,2,1,1,0,-0.01
611610,Fine Arts Schools ,18,29471,0.21,-2,-0.02,2,1,1,0,-0.008
711219,Other Spectator Sports ,18,18002,0.46,1,0.016,2,1,1,0,-0.001
721199,All Other Traveler Accommodation ,18,25345,1.53,18,n/a,3,1,1,0,-0.001
524292,Pharmacy Benefit Management and Other Third Party Administration of Insurance and Pension Funds ,17,59039,0.14,-30,-0.184,1,1,1,0,-0.002
531130,Lessors of Miniwarehouses and Self-Storage Units ,17,50954,0.52,-20,-0.143,2,1,1,0,-0.002
712190,Nature Parks and Other Similar Institutions,17,54821,0.44,4,0.06,2,1,1,0,0.003
237990,Other Heavy and Civil Engineering Construction ,16,70348,0.2,1,0.017,1,1,1,0,-0.001
238142,Nonresidential masonry contractors,16,35286,0.44,5,0.083,1,1,1,0,-0.002
315210,Cut and Sew Apparel Contractors ,16,5994,1.04,6,0.104,2,1,1,0,-0.009
339113,Surgical Appliance and Supplies Manufacturing ,16,69478,0.3,13,0.442,2,1,1,0,-0.001
423120,Motor Vehicle Supplies and New Parts Merchant Wholesalers ,16,53609,0.17,-56,-0.262,2,1,1,0,-0.001
238111,Residential poured foundation contractors,15,66490,0.19,3,0.042,1,0,1,0,0.001
325611,Soap and Other Detergent Manufacturing ,15,53937,0.91,2,0.024,1,1,1,0,-0.003
331110,Iron and Steel Mills and Ferroalloy Manufacturing ,15,88448,0.35,15,n/a,1,1,1,0,-0.004
335312,Motor and Generator Manufacturing ,15,68091,0.8,-25,-0.178,1,1,1,0,-0.001
339999,All Other Miscellaneous Manufacturing ,15,46745,0.36,13,0.522,1,1,1,0,-0.007
541810,Advertising Agencies,15,61135,0.12,5,0.088,1,1,1,0,-0.001
562119,Other Waste Collection ,15,63415,1.58,0,-0.004,2,1,1,0,0
711410,"Agents and Managers for Artists, Athletes, Entertainers, and Other Public Figures",15,42435,0.71,-3,-0.034,1,1,1,0,0
812310,Coin-Operated Laundries and Drycleaners ,15,17586,0.69,-6,-0.063,2,1,1,0,-0.003
813990,"Other Similar Organizations (except Business, Professional, Labor, and Political Organizations) ",15,37921,0.26,-5,-0.054,1,1,1,0,-0.004
111000,Crop Production (Proprietors),14,16963,0.1,-6,-0.067,1,1,1,0,-0.007
111419,Other Food Crops Grown Under Cover ,14,34201,0.69,14,n/a,2,1,1,0,-0.003
238312,Nonresidential drywall contractors,14,113757,0.2,-6,-0.074,1,0,1,0,-0.002
238322,Nonresidential painting contractors,14,38780,0.31,-18,-0.155,1,0,1,0,-0.002
424210,Drugs and Druggists' Sundries Merchant Wholesalers ,14,115389,0.1,3,0.05,1,0,1,0,-0.002
424930,"Flower, Nursery Stock, and Florists' Supplies Merchant Wholesalers ",14,46455,0.52,4,0.084,1,1,1,0,-0.005
541715,"Research and Development in the Physical, Engineering, and Life Sciences (except Nanotechnology and Biotechnology) ",14,88890,0.05,9,0.267,1,0,1,0,0.003
561510,Travel Agencies,14,37327,0.29,5,0.085,1,1,1,0,-0.002
811490,Other Personal and Household Goods Repair and Maintenance ,14,31020,0.39,-5,-0.055,1,1,1,0,-0.004
812191,Diet and Weight Reducing Centers ,14,28278,1.82,-4,-0.049,2,1,1,0,0.001
238191,Other residential exterior contractors,13,71486,0.77,8,0.246,1,0,1,0,0
238391,Other residential finishing contractors,13,49745,0.48,-15,-0.142,1,0,1,0,-0.003
424470,Meat and Meat Product Merchant Wholesalers ,13,60244,0.52,3,0.045,1,1,1,0,-0.002
424910,Farm Supplies Merchant Wholesalers ,13,46901,0.21,6,0.139,1,1,1,0,-0.005
445298,All Other Specialty Food Retailers ,13,20511,0.27,0,-0.001,2,1,1,0,-0.012
513210,Software Publishers,13,84944,0.04,-33,-0.22,1,0,1,0,0.01
561499,All Other Business Support Services ,13,69982,0.25,2,0.03,1,1,1,0,-0.009
561622,Locksmiths ,13,23840,0.88,-1,-0.014,1,0,1,0,-0.001
926120,Regulation and Administration of Transportation Programs ,13,73931,0.08,4,0.067,1,0,1,0,-0.011
321911,Wood Window and Door Manufacturing ,12,48399,0.4,-41,-0.261,1,0,1,0,-0.004
325314,Fertilizer (Mixing Only) Manufacturing ,12,41774,3.05,12,n/a,1,0,1,0,-0.003
325998,All Other Miscellaneous Chemical Product and Preparation Manufacturing ,12,42648,0.54,8,0.245,1,0,1,0,-0.003
339940,Office Supplies (except Paper) Manufacturing,12,46703,2.22,11,n/a,1,0,1,0,-0.007
423910,Sporting and Recreational Goods and Supplies Merchant Wholesalers ,12,58697,0.35,1,0.016,1,0,1,0,-0.003
424710,Petroleum Bulk Stations and Terminals ,12,75850,0.69,-1,-0.013,1,1,1,0,-0.004
485510,Charter Bus Industry,12,42475,1.03,-32,-0.226,1,1,1,0,-0.002
541820,Public Relations Agencies,12,87859,0.29,3,0.05,1,0,1,0,-0.002
711110,Theater Companies and Dinner Theaters ,12,22660,0.28,2,0.046,1,1,1,0,-0.002
711130,Musical Groups and Artists ,12,27157,0.44,3,0.056,1,1,1,0,-0.002
811420,Reupholstery and Furniture Repair,12,34904,1.36,0,0.004,1,1,1,0,-0.002
926140,Regulation of Agricultural Marketing and Commodities ,12,53116,0.28,2,0.038,1,0,1,0,-0.007
321918,Other Millwork (including Flooring) ,11,64374,0.65,-15,-0.156,1,0,1,0,-0.004
423860,Transportation Equipment and Supplies (except Motor Vehicle) Merchant Wholesalers ,11,96329,0.52,11,n/a,1,0,1,0,-0.001
517121,Telecommunications Resellers,11,88500,0.57,0,0.007,1,0,1,0,-0.015
541922,Commercial Photography ,11,37119,0.61,1,0.03,1,0,1,0,-0.002
551112,Offices of Other Holding Companies ,11,77553,0.24,-209,-0.45,1,0,1,0,-0.001
611430,Professional and Management Development Training ,11,33576,0.25,2,0.047,1,0,1,0,-0.004
713930,Marinas,11,32996,0.51,2,0.038,2,1,1,0,0.001
811412,Appliance Repair and Maintenance ,11,31768,0.7,-7,-0.09,1,1,1,0,-0.001
238141,Residential masonry contractors,10,54450,0.19,-10,-0.132,1,0,0,0,0.002
238341,Residential tile and terrazzo contractors,10,26024,0.3,-1,-0.021,1,0,0,0,-0.001
333912,Air and Gas Compressor Manufacturing ,10,77561,1.05,-16,-0.169,1,0,1,0,-0.005
423390,Other Construction Material Merchant Wholesalers ,10,89279,0.53,-7,-0.104,1,0,1,0,-0.002
424590,Other Farm Product Raw Material Merchant Wholesalers ,10,42243,1.17,10,n/a,1,0,1,0,-0.005
624229,Other Community Housing Services ,10,56339,0.36,7,0.265,1,0,1,0,0.003
721310,"Rooming and Boarding Houses, Dormitories, and Workers' Camps ",10,17484,0.97,-22,-0.213,1,1,1,0,-0.012
112390,Other Poultry Production ,9,33930,7.74,6,0.306,1,1,1,0,-0.009
114210,Hunting and Trapping,9,31381,2.43,8,n/a,1,0,1,0,-0.006
327110,"Pottery, Ceramics, and Plumbing Fixture Manufacturing ",9,62747,1.26,7,0.295,1,0,1,0,-0.004
488490,Other Support Activities for Road Transportation ,9,47470,0.32,1,0.023,1,0,1,0,-0.001
513110,Newspaper Publishers ,9,46301,0.2,-14,-0.173,1,0,0,0,-0.026
522220,Sales Financing ,9,62472,0.2,-7,-0.114,1,0,0,0,-0.006
524114,Direct Health and Medical Insurance Carriers ,9,61062,0.04,-1,-0.014,1,0,0,0,-0.001
541490,Other Specialized Design Services,9,55039,0.62,4,0.145,1,0,0,0,-0.003
541618,Other Management Consulting Services ,9,49528,0.12,6,0.215,1,0,0,0,0.001
541690,Other Scientific and Technical Consulting Services,9,51364,0.07,0,0,1,0,0,0,0
561492,Court Reporting and Stenotype Services ,9,58821,0.69,-4,-0.071,1,0,1,0,-0.009
562112,Hazardous Waste Collection ,9,108899,1.38,4,0.108,1,0,1,0,0
611699,All Other Miscellaneous Schools and Instruction ,9,31871,0.16,1,0.014,1,1,1,0,-0.01
313320,Fabric Coating Mills,8,61887,2.68,1,0.041,1,0,0,0,-0.016
325211,Plastics Material and Resin Manufacturing ,8,60853,0.25,0,0.004,1,0,0,0,-0.003
333922,Conveyor and Conveying Equipment Manufacturing ,8,65175,0.45,8,n/a,1,0,0,0,-0.005
424120,Stationery and Office Supplies Merchant Wholesalers ,8,38079,0.43,-2,-0.033,1,0,1,0,-0.005
486110,Pipeline Transportation of Crude Oil,8,109281,1.23,0,-0.002,1,0,0,0,-0.002
512230,Music Publishers,8,83489,1.88,7,0.456,1,0,0,0,-0.002
513120,Periodical Publishers ,8,71354,0.23,3,0.11,1,0,0,0,-0.006
532310,General Rental Centers,8,37233,0.49,-5,-0.086,1,0,0,0,-0.005
562212,Solid Waste Landfill ,8,68036,0.28,-17,-0.21,1,0,0,0,-0.002
562219,Other Nonhazardous Waste Treatment and Disposal ,8,84314,0.58,-6,-0.108,1,0,0,0,-0.002
926110,Administration of General Economic Programs ,8,88616,0.16,-57,-0.35,1,0,0,0,-0.004
115112,"Soil Preparation, Planting, and Cultivating ",7,50116,0.37,2,0.055,1,0,1,0,-0.007
236117,New Housing For-Sale Builders ,7,36211,0.17,-4,-0.096,1,0,0,0,0.001
238131,Residential framing contractors,7,53988,0.16,-2,-0.04,1,0,0,0,0.003
311920,Coffee and Tea Manufacturing ,7,38819,0.4,5,0.417,1,0,0,0,0.002
332111,Iron and Steel Forging ,7,60766,0.67,-14,-0.2,1,0,0,0,-0.016
441210,Recreational Vehicle Dealers ,7,63505,0.25,-11,-0.178,1,0,0,0,-0.001
493120,Refrigerated Warehousing and Storage,7,56375,0.19,-24,-0.257,1,0,0,0,-0.004
513199,All Other Publishers ,7,102303,0.34,6,0.537,1,0,0,0,-0.006
519290,Web Search Portals and All Other Information Services,7,173272,0.09,4,0.144,1,0,0,0,0.004
522292,Real Estate Credit ,7,51406,0.08,2,0.076,1,0,0,0,-0.007
522390,Other Activities Related to Credit Intermediation ,7,71629,0.18,5,0.387,1,0,0,0,-0.004
561920,Convention and Trade Show Organizers,7,19161,0.2,-3,-0.063,1,0,0,0,-0.004
712120,Historical Sites,7,17390,0.81,4,0.191,1,0,0,0,0.003
237210,Land Subdivision ,6,102763,0.31,0,0.006,1,0,0,0,-0.004
486910,Pipeline Transportation of Refined Petroleum Products,6,96589,2.04,0,0.006,1,0,0,0,-0.004
522320,"Financial Transactions Processing, Reserve, and Clearinghouse Activities ",6,94563,0.09,-24,-0.274,0,0,0,0,-0.003
541380,Testing Laboratories and Services,6,31097,0.07,-1,-0.029,1,0,0,0,-0.001
541614,"Process, Physical Distribution, and Logistics Consulting Services ",6,47994,0.07,-3,-0.069,1,0,0,0,0.002
562910,Remediation Services ,6,52050,0.12,6,n/a,1,0,0,0,0
721191,Bed-and-Breakfast Inns ,6,19395,0.68,-5,-0.111,1,0,0,0,-0.002
813920,Professional Organizations ,6,68372,0.12,-12,-0.205,1,0,0,0,-0.004
238171,Residential siding contractors,5,54450,0.2,0,0.001,0,0,0,0,0.003
238352,Nonresidential finish carpentry contractors,5,25613,0.23,-2,-0.074,0,0,0,0,-0.001
312140,Distilleries ,5,51623,0.37,5,n/a,1,0,0,0,0.005
315990,Apparel Accessories and Other Apparel Manufacturing ,5,5994,0.66,3,0.21,1,0,0,0,-0.01
339995,Burial Casket Manufacturing ,5,40493,2.99,5,n/a,0,0,0,0,-0.007
423620,"Household Appliances, Electric Housewares, and Consumer Electronics Merchant Wholesalers ",5,74336,0.27,5,n/a,0,0,0,0,-0.002
449122,Window Treatment Retailers ,5,35628,0.66,4,0.411,1,0,0,0,-0.012
523910,Miscellaneous Intermediation ,5,137067,0.24,1,0.025,0,0,0,0,-0.002
524128,"Other Direct Insurance (except Life, Health, and Medical) Carriers ",5,61356,0.35,5,n/a,0,0,0,0,-0.003
541910,Marketing Research and Public Opinion Polling,5,35865,0.12,3,0.295,0,0,0,0,0
611692,Automobile Driving Schools ,5,27147,0.38,1,0.041,1,0,0,0,-0.005
111335,Tree Nut Farming ,4,39670,0.41,-1,-0.029,0,0,0,0,-0.003
112111,Beef Cattle Ranching and Farming ,4,33104,0.16,4,n/a,0,0,0,0,-0.009
238122,Nonresidential structural steel contractors,4,121460,0.1,3,n/a,0,0,0,0,-0.001
445240,Meat Retailers ,4,27460,0.11,3,n/a,1,0,0,0,-0.008
486210,Pipeline Transportation of Natural Gas,4,116904,0.21,-4,-0.138,0,0,0,0,0
512240,Sound Recording Studios,4,13222,0.59,-1,-0.028,0,0,0,0,-0.004
522310,Mortgage and Nonmortgage Loan Brokers ,4,81551,0.09,2,0.118,0,0,0,0,-0.004
524298,All Other Insurance Related Activities ,4,34296,0.07,-1,-0.061,0,0,0,0,-0.005
561910,Packaging and Labeling Services,4,37025,0.14,-22,-0.3,0,0,0,0,-0.003
624230,Emergency and Other Relief Services ,4,67211,0.23,-6,-0.159,0,0,0,0,0.003
111998,All Other Miscellaneous Crop Farming ,3,31580,0.14,0,0.005,0,0,0,0,-0.003
115210,Support Activities for Animal Production,3,5738,0.13,1,0.038,0,0,0,0,-0.005
238151,Residential glass and glazing contractors,3,54450,0.15,-12,-0.284,0,0,0,0,0.003
238291,Other residential equipment contractors,3,83278,0.19,0,0.022,0,0,0,0,-0.002
332994,"Small Arms, Ordnance, and Ordnance Accessories Manufacturing ",3,80445,0.21,-14,-0.295,0,0,0,0,-0.016
333991,Power-Driven Handtool Manufacturing ,3,66568,0.64,-11,-0.253,0,0,0,0,-0.005
334112,Computer Storage Device Manufacturing ,3,133468,0.51,-1,-0.046,0,0,0,0,-0.004
423410,Photographic Equipment and Supplies Merchant Wholesalers ,3,87754,0.55,3,n/a,0,0,0,0,0
423940,"Jewelry, Watch, Precious Stone, and Precious Metal Merchant Wholesalers ",3,38542,0.13,-1,-0.06,0,0,0,0,-0.019
424350,Clothing and Clothing Accessories Merchant Wholesalers,3,13861,0.05,-1,-0.046,0,0,0,0,-0.01
493190,Other Warehousing and Storage,3,55706,0.1,1,0.096,0,0,0,0,-0.004
523210,Securities and Commodity Exchanges,3,24607,0.53,3,n/a,0,0,0,0,-0.006
541350,Building Inspection Services,3,49470,0.19,0,0.013,0,0,0,0,-0.003
541519,Other Computer Related Services,3,62415,0.04,1,0.09,0,0,0,0,-0.003
541930,Translation and Interpretation Services,3,21470,0.12,0,0.011,0,0,0,0,-0.001
561421,Telephone Answering Services ,3,10123,0.15,-91,-0.5,0,0,0,0,-0.009
561431,Private Mail Centers ,3,29963,0.15,2,0.157,0,0,0,0,-0.009
711120,Dance Companies ,3,16607,0.3,2,0.229,0,0,0,0,-0.002
813311,Human Rights Organizations ,3,52197,0.1,-80,-0.487,0,0,0,0,0.001
114111,Finfish Fishing ,2,29651,0.31,1,0.19,0,0,0,0,-0.009
236116,New Multifamily Housing Construction (except For-Sale Builders) ,2,36211,0.08,0,-0.034,0,0,0,0,0.001
238112,Nonresidential poured foundation contractors,2,54450,0.02,-7,-0.284,0,0,0,0,0.001
238342,Nonresidential tile and terrazzo contractors,2,25850,0.2,-4,-0.214,0,0,0,0,-0.001
313310,Textile and Fabric Finishing Mills ,2,44512,0.3,0,-0.009,0,0,0,0,-0.016
325180,Other Basic Inorganic Chemical Manufacturing ,2,64409,0.11,1,0.179,0,0,0,0,-0.003
325220,Artificial and Synthetic Fibers and Filaments Manufacturing,2,57328,0.2,1,0.156,0,0,0,0,-0.003
333243,"Sawmill, Woodworking, and Paper Machinery Manufacturing ",2,70287,0.33,-23,-0.395,0,0,0,0,-0.005
339910,Jewelry and Silverware Manufacturing ,2,7265,0.11,0,0.019,0,0,0,0,-0.008
339992,Musical Instrument Manufacturing ,2,28024,0.34,2,n/a,0,0,0,0,-0.007
445291,Baked Goods Retailers ,2,10958,0.13,1,0.122,0,0,0,0,-0.02
445292,Confectionery and Nut Retailers ,2,10958,0.16,1,0.17,0,0,0,0,-0.02
512191,Teleproduction and Other Postproduction Services ,2,16104,0.15,0,0.051,0,0,0,0,-0.007
512250,Record Production and Distribution,2,42828,0.38,0,0.026,0,0,0,0,-0.004
513130,Book Publishers ,2,66127,0.08,-14,-0.333,0,0,0,0,-0.006
517810,All Other Telecommunications ,2,116176,0.07,-2,-0.136,0,0,0,0,-0.014
532281,Formal Wear and Costume Rental,2,33018,0.87,-9,-0.273,0,0,0,0,-0.005
541191,Title Abstract and Settlement Offices ,2,129291,0.07,-9,-0.282,0,0,0,0,-0.002
541420,Industrial Design Services,2,51347,0.15,0,0.01,0,0,0,0,-0.005
541860,Direct Mail Advertising,2,46378,0.11,-10,-0.315,0,0,0,0,-0.002
541870,Advertising Material Distribution Services,2,43616,0.21,2,n/a,0,0,0,0,-0.002
561520,Tour Operators,2,29984,0.11,0,0.032,0,0,0,0,-0.004
611420,Computer Training ,2,33055,0.15,0,-0.028,0,0,0,0,-0.004
611513,Apprenticeship Training ,2,39546,0.21,-13,-0.316,0,0,0,0,-0.005
711190,Other Performing Arts Companies ,2,23234,0.31,1,n/a,0,0,0,0,-0.002
812921,Photofinishing Laboratories (except One-Hour) ,2,12844,0.63,1,0.195,0,0,0,0,0.004
923140,Administration of Veterans' Affairs ,2,39754,0.04,1,0.089,0,0,0,0,-0.005
114112,Shellfish Fishing ,1,29651,0.32,1,0.19,0,0,0,0,-0.009
115113,"Crop Harvesting, Primarily by Machine ",1,18886,0.08,0,n/a,0,0,0,0,-0.01
115114,Postharvest Crop Activities (except Cotton Ginning) ,1,18886,0.02,1,n/a,0,0,0,0,-0.01
115115,Farm Labor Contractors and Crew Leaders ,1,18886,0.01,1,n/a,0,0,0,0,-0.01
115116,Farm Management Services ,1,18886,0.09,1,n/a,0,0,0,0,-0.01
213112,Support Activities for Oil and Gas Operations ,1,337499,0,0,n/a,0,0,0,0,0.013
238121,Residential structural steel contractors,1,54450,0.14,0,0.008,0,0,0,0,0.003
238132,Nonresidential framing contractors,1,54450,0.1,0,-0.052,0,0,0,0,0.003
238172,Nonresidential siding contractors,1,54450,0.22,0,-0.043,0,0,0,0,0.003
238192,Other nonresidential exterior contractors,1,54450,0.03,0,-0.049,0,0,0,0,0.003
238392,Other nonresidential finishing contractors,1,25613,0.04,0,-0.063,0,0,0,0,-0.001
311119,Other Animal Food Manufacturing ,1,4865,0.04,-1,-0.184,0,0,0,0,-0.002
311352,Confectionery Manufacturing from Purchased Chocolate ,1,3979,0.07,1,0.163,0,0,0,0,-0.011
311611,Animal (except Poultry) Slaughtering ,1,25840,0.02,1,0.13,0,0,0,0,-0.022
311612,Meat Processed from Carcasses ,1,25840,0.02,1,0.188,0,0,0,0,-0.022
311710,Seafood Product Preparation and Packaging,1,9733,0.06,0,0.12,0,0,0,0,-0.019
311991,Perishable Prepared Food Manufacturing ,1,64559,0.02,0,-0.049,0,0,0,0,-0.003
311999,All Other Miscellaneous Food Manufacturing ,1,64559,0.03,0,-0.057,0,0,0,0,-0.003
312130,Wineries ,1,5265,0.01,0,n/a,0,0,0,0,-0.004
315120,Apparel Knitting Mills,1,5994,0.22,0,n/a,0,0,0,0,-0.023
316990,Other Leather and Allied Product Manufacturing ,1,22118,0.07,0,-0.016,0,0,0,0,-0.008
323120,Support Activities for Printing,1,12311,0.09,0,-0.001,0,0,0,0,-0.013
324110,Petroleum Refineries,1,129775,0.02,1,n/a,0,0,0,0,-0.009
325311,Nitrogenous Fertilizer Manufacturing ,1,31846,0.15,1,n/a,0,0,0,0,-0.003
325320,Pesticide and Other Agricultural Chemical Manufacturing,1,31846,0.11,1,n/a,0,0,0,0,-0.003
325520,Adhesive Manufacturing,1,5472,0.04,0,n/a,0,0,0,0,-0.003
325620,Toilet Preparation Manufacturing,1,5761,0.05,-1,-0.119,0,0,0,0,-0.003
332323,Ornamental and Architectural Metal Work Manufacturing ,1,29990,0.02,0,n/a,0,0,0,0,0.007
332618,Other Fabricated Wire Product Manufacturing ,1,50772,0.11,-3,-0.217,0,0,0,0,-0.015
333992,Welding and Soldering Equipment Manufacturing ,1,59309,0.17,1,n/a,0,0,0,0,-0.005
336211,Motor Vehicle Body Manufacturing ,1,14627,0.02,0,n/a,0,0,0,0,0.006
336212,Truck Trailer Manufacturing ,1,14627,0.03,0,n/a,0,0,0,0,0.006
336214,Travel Trailer and Camper Manufacturing ,1,14627,0.03,0,n/a,0,0,0,0,0.006
336310,Motor Vehicle Gasoline Engine and Engine Parts Manufacturing,1,14627,0.04,1,0.144,0,0,0,0,-0.001
336320,Motor Vehicle Electrical and Electronic Equipment Manufacturing,1,14627,0.02,0,n/a,0,0,0,0,-0.001
336390,Other Motor Vehicle Parts Manufacturing,1,14627,0.02,1,0.176,0,0,0,0,-0.001
336411,Aircraft Manufacturing ,1,14627,0,0,n/a,0,0,0,0,0.014
336413,Other Aircraft Parts and Auxiliary Equipment Manufacturing ,1,14627,0.02,0,n/a,0,0,0,0,0.014
336612,Boat Building ,1,14627,0.07,1,0.161,0,0,0,0,0.001
336991,"Motorcycle, Bicycle, and Parts Manufacturing ",1,14627,0.18,1,n/a,0,0,0,0,0.002
336999,All Other Transportation Equipment Manufacturing ,1,14627,0.09,1,n/a,0,0,0,0,0.002
339920,Sporting and Athletic Goods Manufacturing,1,7265,0.05,-25,-0.473,0,0,0,0,-0.005
423210,Furniture Merchant Wholesalers ,1,11037,0.03,0,n/a,0,0,0,0,-0.019
423220,Home Furnishing Merchant Wholesalers ,1,11037,0.04,1,0.153,0,0,0,0,-0.019
423920,Toy and Hobby Goods and Supplies Merchant Wholesalers ,1,8846,0.07,1,n/a,0,0,0,0,-0.019
424130,Industrial and Personal Service Paper Merchant Wholesalers ,1,51381,0.04,-1,-0.072,0,0,0,0,-0.006
424310,"Piece Goods, Notions, and Other Dry Goods Merchant Wholesalers ",1,17074,0.09,-9,-0.364,0,0,0,0,-0.01
424510,Grain and Field Bean Merchant Wholesalers ,1,13379,0.03,0,n/a,0,0,0,0,0
424610,Plastics Materials and Basic Forms and Shapes Merchant Wholesalers ,1,72077,0.08,1,n/a,0,0,0,0,-0.002
424920,"Book, Periodical, and Newspaper Merchant Wholesalers ",1,1801,0.07,0,0.139,0,0,0,0,-0.016
445230,Fruit and Vegetable Retailers ,1,12320,0.04,0,-0.037,0,0,0,0,-0.02
458320,Luggage and Leather Goods Retailers ,1,5929,0.08,0,n/a,0,0,0,0,-0.017
459920,Art Dealers ,1,18285,0.09,0,-0.073,0,0,0,0,-0.02
459930,Manufactured (Mobile) Home Dealers ,1,693,0.08,1,n/a,0,0,0,0,-0.02
481211,Nonscheduled Chartered Passenger Air Transportation ,1,92029,0.04,-6,-0.348,0,0,0,0,0
488210,Support Activities for Rail Transportation,1,57373,0.05,-33,-0.5,0,0,0,0,-0.003
512290,Other Sound Recording Industries,1,12535,0.48,0,0.055,0,0,0,0,-0.004
524127,Direct Title Insurance Carriers ,1,55983,0.04,0,0.014,0,0,0,0,-0.004
531190,Lessors of Other Real Estate Property ,1,56978,0.04,-3,-0.267,0,0,0,0,-0.003
532282,Video Tape and Disc Rental,1,124534,0.41,-1,-0.227,0,0,0,0,-0.005
532284,Recreational Goods Rental ,1,3029,0.1,1,n/a,0,0,0,0,-0.008
541340,Drafting Services,1,43242,0.08,0,-0.066,0,0,0,0,-0.003
541713,Research and Development in Nanotechnology ,1,87186,0.09,-2,-0.174,0,0,0,0,0.003
541714,Research and Development in Biotechnology (except Nanobiotechnology),1,33323,0.01,0,-0.007,0,0,0,0,0.001
541840,Media Representatives,1,59971,0.13,-3,-0.222,0,0,0,0,-0.001
561312,Executive Search Services ,1,38919,0.06,1,n/a,0,0,0,0,-0.003
561491,Repossession Services ,1,64230,0.16,0,-0.046,0,0,0,0,-0.009
561599,All Other Travel Arrangement and Reservation Services ,1,29984,0.03,0,0.07,0,0,0,0,-0.004
562920,Materials Recovery Facilities ,1,68854,0.11,-23,-0.427,0,0,0,0,0.001
611210,Junior Colleges ,1,47221,0,0,-0.03,0,0,0,0,-0.007
611511,Cosmetology and Barber Schools ,1,31821,0.1,0,0.017,0,0,0,0,-0.01
611512,Flight Training ,1,31871,0.07,0,0.014,0,0,0,0,-0.01
611630,Language Schools ,1,31871,0.11,0,-0.012,0,0,0,0,-0.01
621991,Blood and Organ Banks ,1,30190,0.02,0,-0.021,0,0,0,0,0
713120,Amusement Arcades,1,16002,0.07,0,0.063,0,0,0,0,0.003
721211,RV (Recreational Vehicle) Parks and Campgrounds ,1,17594,0.06,1,n/a,0,0,0,0,-0.005
721214,Recreational and Vacation Camps (except Campgrounds) ,1,17594,0.03,0,n/a,0,0,0,0,-0.005
811411,Home and Garden Equipment Repair and Maintenance ,1,16965,0.2,0,-0.006,0,0,0,0,-0.006
811430,Footwear and Leather Goods Repair,1,17380,0.45,0,-0.08,0,0,0,0,-0.009
813312,"Environment, Conservation and Wildlife Organizations ",1,15835,0.03,0,-0.039,0,0,0,0,-0.003
221310,Water Supply and Irrigation Systems ,0,n/a,0,0,n/a,0,0,0,0,-0.014
311111,Dog and Cat Food Manufacturing ,0,n/a,0,-1,n/a,0,0,0,0,-0.002
311211,Flour Milling ,0,n/a,0,-34,n/a,0,0,0,0,-0.001
312112,Bottled Water Manufacturing ,0,n/a,0,-66,n/a,0,0,0,0,-0.004
313210,Broadwoven Fabric Mills,0,n/a,0,-38,n/a,0,0,0,0,-0.029
314999,All Other Miscellaneous Textile Product Mills ,0,n/a,0,-31,n/a,0,0,0,0,-0.011
322211,Corrugated and Solid Fiber Box Manufacturing ,0,n/a,0,-8,n/a,0,0,0,0,-0.01
325120,Industrial Gas Manufacturing,0,n/a,0,-3,n/a,0,0,0,0,-0.003
325411,Medicinal and Botanical Manufacturing ,0,n/a,0,-15,n/a,0,0,0,0,0.001
325612,Polish and Other Sanitation Good Manufacturing ,0,n/a,0,-1,n/a,0,0,0,0,-0.003
325992,"Photographic Film, Paper, Plate, Chemical, and Copy Toner Manufacturing ",0,n/a,0,-11,n/a,0,0,0,0,-0.003
326199,All Other Plastics Product Manufacturing ,0,n/a,0,-5,n/a,0,0,0,0,-0.004
326299,All Other Rubber Product Manufacturing ,0,n/a,0,-18,n/a,0,0,0,0,-0.004
327991,Cut Stone and Stone Product Manufacturing ,0,n/a,0,-155,n/a,0,0,0,0,0.005
332813,"Electroplating, Plating, Polishing, Anodizing, and Coloring ",0,n/a,0,-34,n/a,0,0,0,0,-0.006
333241,Food Product Machinery Manufacturing ,0,n/a,0,-3,n/a,0,0,0,0,0
334413,Semiconductor and Related Device Manufacturing ,0,n/a,0,-2,n/a,0,0,0,0,-0.007
334519,Other Measuring and Controlling Device Manufacturing ,0,n/a,0,-47,n/a,0,0,0,0,-0.001
337212,Custom Architectural Woodwork and Millwork Manufacturing ,0,n/a,0,0,n/a,0,0,0,0,-0.004
423430,Computer and Computer Peripheral Equipment and Software Merchant Wholesalers ,0,n/a,0,-32,n/a,0,0,0,0,-0.027
485111,Mixed Mode Transit Systems ,0,n/a,0,-2,n/a,0,0,0,0,0.005
488119,Other Airport Operations ,0,n/a,0,-44,n/a,0,0,0,0,-0.002
488999,All Other Support Activities for Transportation ,0,n/a,0,-15,n/a,0,0,0,0,0.004
522180,Savings Institutions and Other Depository Credit Intermediation ,0,n/a,0,-15,n/a,0,0,0,0,-0.003
523999,Miscellaneous Financial Investment Activities ,0,n/a,0,-8,n/a,0,0,0,0,-0.006
525920,"Trusts, Estates, and Agency Accounts ",0,n/a,0,-1,n/a,0,0,0,0,0.002
533110,Lessors of Nonfinancial Intangible Assets (except Copyrighted Works),0,n/a,0,-18,n/a,0,0,0,0,0
551111,Offices of Bank Holding Companies ,0,n/a,0,-232,n/a,0,0,0,0,0
561450,Credit Bureaus,0,n/a,0,0,n/a,0,0,0,0,-0.009
562998,All Other Miscellaneous Waste Management Services ,0,n/a,0,-6,n/a,0,0,0,0,-0.01
813940,Political Organizations ,0,n/a,0,0,n/a,0,0,0,0,-0.001
,Total - All Industries,85088,55410,1,-887,-0.002,8853,4042,5035,-223,-0.003
