SOC,Occupation,Mean,Entry Level,Experienced,10%,25%,50% (Median),75%,90%
11-1011,Chief Executives,239900,71400,324200,48300,103100,192000,265700,365900
11-1021,General and Operations Managers,114400,50200,146500,46100,60700,88800,136700,211600
11-1031,Legislators,59500,24700,76900,21400,29800,43800,76200,128300
11-2011,Advertising and Promotions Managers,125800,67600,154900,67200,75900,115700,161300,202400
11-2021,Marketing Managers,143100,86700,171400,79800,103400,138300,163300,208200
11-2022,Sales Managers,137100,73400,168900,65600,90400,120900,167600,221800
11-2032,Public Relations Managers,137800,86400,163600,81200,98500,121400,163200,215100
11-2033,Fundraising Managers,115000,70100,137400,64900,81800,102400,143200,164500
11-3012,Administrative Services Managers,128700,70700,157700,66300,83400,115700,152500,201000
11-3013,Facilities Managers,126000,75000,151500,73100,83400,112700,150800,217800
11-3021,Computer and Information Systems Managers,157200,99400,186200,87900,122300,154500,177200,224700
11-3031,Financial Managers,157200,84600,193500,78000,102300,146300,182200,251900
11-3051,Industrial Production Managers,138800,93500,161500,83100,113000,135600,165900,179800
11-3061,Purchasing Managers,125200,85100,145200,77600,98400,111200,159500,179200
11-3071,"Transportation, Storage, and Distribution Managers",120500,69700,145900,58600,89500,112100,145400,181700
11-3111,Compensation and Benefits Managers,135900,86300,160600,80200,100500,128200,160600,199500
11-3121,Human Resources Managers,133700,73800,163700,65000,91600,119900,153300,211500
11-3131,Training and Development Managers,84800,70300,92100,70900,70900,79100,88100,110000
11-9013,"Farmers, Ranchers, and Other Agricultural Managers",90300,56900,107000,52400,66700,83500,107500,143700
11-9021,Construction Managers,112500,66700,135300,64700,75200,103400,135200,185500
11-9031,"Education and Childcare Administrators, Preschool and Daycare",50600,37300,57300,35500,40200,41800,57500,70300
11-9032,"Education Administrators, Kindergarten through Secondary",98000,81400,106300,78700,86400,91400,106000,125400
11-9033,"Education Administrators, Postsecondary",121200,69600,146900,65600,79400,99000,149800,204100
11-9039,"Education Administrators, All Other",130400,56700,167200,51300,70200,106700,115100,195700
11-9041,Architectural and Engineering Managers,143300,103200,163300,97000,117200,143000,159700,190600
11-9051,Food Service Managers,65400,41900,77200,37600,50400,62900,69100,102500
11-9071,Gambling Managers,90400,55800,107700,50400,66000,78600,109200,148200
11-9072,"Entertainment and Recreation Managers, Except Gambling",78700,47600,94200,44200,55900,73400,98000,124500
11-9081,Lodging Managers,62200,38500,74100,37900,42100,56500,71800,91900
11-9111,Medical and Health Services Managers,154500,87500,188000,78100,107500,140500,184800,243700
11-9121,Natural Sciences Managers,105900,53700,132000,51600,63600,104800,130900,157800
11-9131,Postmasters and Mail Superintendents,85500,78200,89100,77100,80500,84700,90400,96900
11-9141,"Property, Real Estate, and Community Association Managers",68200,38500,83000,36300,44300,57300,80600,114200
11-9151,Social and Community Service Managers,80500,56400,92500,56100,59400,73200,89100,112000
11-9161,Emergency Management Directors,76800,46600,91900,44400,53100,69500,93000,122400
11-9171,Funeral Home Managers,87700,61100,101100,58300,68200,83200,104400,140700
11-9179,"Personal Service Managers, All Other",58900,43700,66500,42900,45700,50600,63000,100100
11-9199,"Managers, All Other",114400,61400,141000,54800,75800,105200,136900,175900
13-1011,"Agents and Business Managers of Artists, Performers, and Athletes",103100,50500,129500,39600,67900,94800,132900,174100
13-1021,"Buyers and Purchasing Agents, Farm Products",74600,41700,91000,37800,50000,65900,92000,123200
13-1022,"Wholesale and Retail Buyers, Except Farm Products",74400,41600,90800,37700,49900,65700,91700,123000
13-1023,"Purchasing Agents, Except Wholesale, Retail, and Farm Products",74600,41700,91000,37800,50100,66000,92000,123300
13-1031,"Claims Adjusters, Examiners, and Investigators",75300,54800,85600,54400,58500,74300,92700,94000
13-1032,"Insurance Appraisers, Auto Damage",72900,59700,79600,59200,62200,71500,76200,94600
13-1041,Compliance Officers,60300,38300,71300,39000,39700,52300,67700,102200
13-1051,Cost Estimators,74200,51400,85600,48800,57500,68900,85400,105500
13-1071,Human Resources Specialists,65900,43000,77400,41100,48100,60700,78700,95200
13-1074,Farm Labor Contractors,47300,29600,56200,29400,32100,45000,53300,78100
13-1075,Labor Relations Specialists,71200,30600,91500,19400,41800,69800,98000,123300
13-1081,Logisticians,76600,50600,89600,46000,59900,73900,87000,104800
13-1082,Project Management Specialists,98300,54700,120000,49500,66500,91000,123500,156200
13-1111,Management Analysts,100200,61500,119500,57200,71500,90900,118500,153800
13-1121,"Meeting, Convention, and Event Planners",47400,33000,54600,30400,38300,46900,58700,64000
13-1131,Fundraisers,65800,45600,75900,45600,47900,59400,83200,92500
13-1141,"Compensation, Benefits, and Job Analysis Specialists",62100,44000,71200,40400,50200,55600,68600,84700
13-1151,Training and Development Specialists,66500,45200,77200,41800,52600,65500,72800,97900
13-1161,Market Research Analysts and Marketing Specialists,69700,38000,85600,36000,44100,62600,87600,118400
13-1199,"Business Operations Specialists, All Other",75900,42800,92500,40500,49500,67800,92900,124700
13-2011,Accountants and Auditors,82700,49800,99100,46800,57700,76200,95600,128600
13-2022,Appraisers of Personal and Business Property,51700,30900,62200,26600,37900,46200,64200,89000
13-2023,Appraisers and Assessors of Real Estate,51700,30900,62100,26600,37900,46100,64200,89000
13-2031,Budget Analysts,84900,55800,99400,52300,64500,83000,102700,123200
13-2041,Credit Analysts,79500,53000,92700,49600,59800,69300,89900,134700
13-2051,Financial and Investment Analysts,87700,55200,103900,50000,65800,81600,100400,131100
13-2052,Personal Financial Advisors,222000,60400,302800,51900,78600,146800,244900,319400
13-2053,Insurance Underwriters,81800,56600,94400,56700,59100,73000,96800,126800
13-2054,Financial Risk Specialists,109000,64900,131000,58700,78300,100500,134800,165400
13-2061,Financial Examiners,84000,51500,100300,49300,57500,72200,101500,154200
13-2071,Credit Counselors,52700,43100,57500,43600,44000,52500,56900,56900
13-2072,Loan Officers,74000,44900,88600,43000,49600,59800,85600,132000
13-2081,"Tax Examiners and Collectors, and Revenue Agents",61900,38900,73400,37600,42800,52600,67600,115200
13-2082,Tax Preparers,40600,28300,46800,28700,29600,38700,43500,59900
13-2099,"Financial Specialists, All Other",66400,39000,80100,35900,46400,63000,74100,103800
15-1211,Computer Systems Analysts,88500,61400,102100,58400,67800,78800,109900,126500
15-1212,Information Security Analysts,118000,78100,137900,71600,92200,116700,139100,164800
15-1221,Computer and Information Research Scientists,90900,70400,101100,69300,73900,83700,104800,124200
15-1231,Computer Network Support Specialists,66900,42400,79200,38900,49500,60100,77500,102400
15-1232,Computer User Support Specialists,59800,40000,69700,38000,44900,55000,67800,80700
15-1241,Computer Network Architects,123700,99800,135700,101100,101100,116700,140800,158000
15-1242,Database Administrators,107600,59700,131500,55400,71300,101300,138500,155600
15-1243,Database Architects,130400,101500,144900,92100,116900,125600,156000,167200
15-1244,Network and Computer Systems Administrators,89600,61000,103900,56300,70200,82100,105400,128800
15-1251,Computer Programmers,97800,70300,111600,59500,87300,93900,121700,121700
15-1252,Software Developers,123300,83500,143200,76800,97500,120400,145600,162800
15-1253,Software Quality Assurance Analysts and Testers,81400,61100,91500,57500,67700,74800,97800,111900
15-1254,Web Developers,81900,50900,97500,48600,56900,71300,99700,132300
15-1255,Web and Digital Interface Designers,97800,56100,118700,50900,68100,93600,124600,156200
15-1299,"Computer Occupations, All Other",95800,52800,117300,47800,64400,91100,127500,141000
15-2011,Actuaries,114900,73200,135800,70200,82800,108700,141300,175800
15-2021,Mathematicians,104400,64900,124100,59700,77500,103800,129900,158200
15-2031,Operations Research Analysts,67100,45000,78100,42700,50500,61700,74200,99500
15-2041,Statisticians,105400,75300,120500,69100,86900,100700,127700,146300
15-2051,Data Scientists,101600,67400,118600,64200,75800,95000,122600,163500
15-2099,"Mathematical Science Occupations, All Other",50600,36200,57800,36200,36200,36200,67800,97800
17-1011,"Architects, Except Landscape and Naval",113600,69100,135800,66200,78200,103000,134900,203800
17-1012,Landscape Architects,79400,57800,90200,53100,66800,78100,90800,112500
17-1021,Cartographers and Photogrammetrists,61200,38700,72400,36700,44000,56400,73100,92000
17-1022,Surveyors,67800,44000,79700,42200,49200,61700,78300,101900
17-2011,Aerospace Engineers,151200,93600,180000,88600,107900,144100,184900,230500
17-2021,Agricultural Engineers,80000,43900,98000,43300,49900,80300,97900,124100
17-2031,Bioengineers and Biomedical Engineers,97600,53500,119600,51100,63100,100500,117500,146100
17-2041,Chemical Engineers,112200,70600,133000,66000,81600,103700,130300,180500
17-2051,Civil Engineers,99900,67400,116200,62000,77300,87700,110700,147600
17-2061,Computer Hardware Engineers,123100,84200,142500,85300,87200,110900,147900,176300
17-2071,Electrical Engineers,130500,82700,154400,79600,92900,121900,166300,208700
17-2072,"Electronics Engineers, Except Computer",126600,80900,149500,74200,96300,125500,158800,178000
17-2081,Environmental Engineers,101800,69900,117700,66800,78000,96200,127200,141900
17-2111,"Health and Safety Engineers, Except Mining Safety Engineers and Inspectors",110400,69900,130700,64400,82600,106000,135100,166900
17-2112,Industrial Engineers,101900,71300,117200,69500,78600,102500,128100,135600
17-2121,Marine Engineers and Naval Architects,91700,68800,103100,64200,76100,80100,113900,113900
17-2131,Materials Engineers,103900,65100,123400,67400,67700,98100,126800,167600
17-2141,Mechanical Engineers,109600,74000,127300,70500,82100,97300,135000,165100
17-2151,"Mining and Geological Engineers, Including Mining Safety Engineers",105000,69100,122900,63500,80800,98900,125700,157100
17-2161,Nuclear Engineers,135600,82700,162100,76100,98500,131200,164000,199800
17-2171,Petroleum Engineers,145100,87600,173900,79300,105600,136000,182000,216700
17-2199,"Engineers, All Other",81700,66100,89600,65200,67400,67400,95900,123200
17-3011,Architectural and Civil Drafters,66300,47500,75700,41900,57200,65800,71200,80100
17-3012,Electrical and Electronics Drafters,81900,55300,95200,50400,65000,78000,96300,107700
17-3013,Mechanical Drafters,72000,46200,84900,43100,53200,66200,88000,101000
17-3019,"Drafters, All Other",61500,42000,71200,40300,46500,56900,73100,90600
17-3021,Aerospace Engineering and Operations Technologists and Technicians,82000,56500,94800,53500,63400,77100,97800,114700
17-3022,Civil Engineering Technologists and Technicians,61400,42800,70800,39700,49000,58200,71900,84100
17-3023,Electrical and Electronic Engineering Technologists and Technicians,77600,50800,91100,47800,58400,75500,89400,113700
17-3024,Electro-Mechanical and Mechatronics Technologists and Technicians,70000,54600,77700,51600,60200,66800,74200,98400
17-3025,Environmental Engineering Technologists and Technicians,66100,42000,78200,37800,50900,68600,85400,85400
17-3026,Industrial Engineering Technologists and Technicians,68800,49100,78700,49500,50900,63500,75900,98200
17-3027,Mechanical Engineering Technologists and Technicians,70500,47600,81900,46300,52300,66700,82800,97400
17-3028,Calibration Technologists and Technicians,67600,44400,79200,41000,51900,65000,83700,96600
17-3029,"Engineering Technologists and Technicians, Except Drafters, All Other",65600,43400,76800,41100,49200,61600,82200,95900
17-3031,Surveying and Mapping Technicians,48900,32600,57000,30600,37000,44200,63300,73800
19-1011,Animal Scientists,88800,44400,111000,47600,47600,91900,106900,133400
19-1012,Food Scientists and Technologists,62500,31300,78100,28100,37900,56400,83700,111600
19-1013,Soil and Plant Scientists,62000,43400,71300,39500,51000,61200,65000,88800
19-1021,Biochemists and Biophysicists,91300,60200,106900,57500,67300,83900,107700,134300
19-1022,Microbiologists,83100,58500,95400,55400,65500,78600,99300,120100
19-1023,Zoologists and Wildlife Biologists,56800,43000,63700,42800,44600,52000,62800,82400
19-1029,"Biological Scientists, All Other",71800,58000,78700,55800,63200,73200,80200,89700
19-1031,Conservation Scientists,62300,44200,71400,41000,50000,56000,77700,96300
19-1032,Foresters,56100,34200,67100,26800,44800,52200,67100,81000
19-1041,Epidemiologists,59700,41300,68800,41100,44000,55500,76600,89900
19-1042,"Medical Scientists, Except Epidemiologists",85000,60400,97300,57200,66800,76700,96700,138200
19-1099,"Life Scientists, All Other",58600,41000,67400,40000,45800,62500,63000,75600
19-2011,Astronomers,105800,68400,124500,63300,80500,104400,139100,149900
19-2012,Physicists,127300,75900,153000,70700,87600,108500,179000,238900
19-2021,Atmospheric and Space Scientists,77500,42900,94800,37700,53300,73200,102500,126600
19-2031,Chemists,77200,50300,90700,46800,58700,76100,95100,112500
19-2032,Materials Scientists,77500,52300,90100,51800,55300,67000,98700,121900
19-2041,"Environmental Scientists and Specialists, Including Health",79700,48500,95300,45900,55000,68300,86900,112600
19-2042,"Geoscientists, Except Hydrologists and Geographers",63100,47100,71100,46200,49100,52500,77000,99900
19-2043,Hydrologists,78000,55400,89300,52600,61900,74200,91800,110700
19-2099,"Physical Scientists, All Other",102000,74700,115700,69500,86200,105800,127000,133100
19-3011,Economists,114000,79700,131100,72900,92000,104100,135900,178100
19-3022,Survey Researchers,47600,33600,54600,34100,34100,40400,51900,69800
19-3032,Industrial-Organizational Psychologists,107300,57500,132300,50000,71800,91900,161600,182300
19-3033,Clinical and Counseling Psychologists,59200,27200,75200,19900,35900,43900,84400,130100
19-3034,School Psychologists,76200,54200,87300,46400,67500,78000,87500,101300
19-3039,"Psychologists, All Other",86700,48400,105800,51400,51400,90800,116700,127600
19-3041,Sociologists,88100,57800,103200,54000,66400,81900,107400,133500
19-3051,Urban and Regional Planners,63300,46000,71900,43700,51500,61700,75000,93500
19-3091,Anthropologists and Archeologists,48300,36900,54000,37000,37500,40900,62800,71000
19-3092,Geographers,77500,56500,88000,53900,63000,76900,92100,104700
19-3093,Historians,60200,42500,69000,41200,45400,49800,76200,100700
19-3094,Political Scientists,65500,48500,74000,44900,55500,64300,75800,89000
19-3099,"Social Scientists and Related Workers, All Other",76400,62100,83600,60700,65500,72300,86100,104500
19-4012,Agricultural Technicians,37500,28400,42100,27000,31400,37500,45000,47800
19-4013,Food Science Technicians,40400,30800,45200,30400,32000,35000,50300,60100
19-4021,Biological Technicians,42300,33500,46600,32300,36100,40200,48500,56200
19-4031,Chemical Technicians,45900,32400,52600,32000,34400,42200,50900,80400
19-4042,"Environmental Science and Protection Technicians, Including Health",47700,32800,55100,31100,36800,44300,55500,69800
19-4043,"Geological Technicians, Except Hydrologic Technicians",46300,30600,54100,29300,33800,40100,52800,74500
19-4044,Hydrologic Technicians,53400,37300,61400,36700,40400,51300,63500,79400
19-4051,Nuclear Technicians,80000,60200,89900,56100,68900,82200,89400,99400
19-4061,Social Science Research Assistants,60800,36900,72800,34700,42000,52400,75900,105500
19-4071,Forest and Conservation Technicians,45500,30000,53200,27200,35000,40300,53400,67200
19-4092,Forensic Science Technicians,49600,35600,56600,34300,39100,47600,60600,67100
19-4099,"Life, Physical, and Social Science Technicians, All Other",46500,38800,50300,34900,44500,44500,48600,57900
19-5011,Occupational Health and Safety Specialists,91200,61300,106100,53900,75500,92600,107300,126800
19-5012,Occupational Health and Safety Technicians,52400,41000,58100,40700,42600,47900,62300,76400
21-1012,"Educational, Guidance, and Career Counselors and Advisors",62400,44000,71600,42200,48200,56000,77900,84100
21-1013,Marriage and Family Therapists,64100,38800,76700,30000,51600,56900,73600,93000
21-1015,Rehabilitation Counselors,47500,38200,52200,36200,41700,44800,53500,65700
21-1018,"Substance Abuse, Behavioral Disorder, and Mental Health Counselors",62600,43500,72200,41600,48400,59600,73000,88100
21-1019,"Counselors, All Other",62100,29400,78500,23500,37400,60300,89900,103900
21-1021,"Child, Family, and School Social Workers",54000,40400,60800,39300,43200,49500,56600,70800
21-1022,Healthcare Social Workers,63100,42400,73400,39700,48800,61400,71000,84800
21-1023,Mental Health and Substance Abuse Social Workers,50900,34400,59100,31400,40300,48400,58500,75500
21-1029,"Social Workers, All Other",83000,48500,100300,44700,58700,87000,103400,118200
21-1091,Health Education Specialists,75400,48800,88800,47900,53400,70100,99400,108600
21-1092,Probation Officers and Correctional Treatment Specialists,59000,49900,63600,48100,53400,58100,63100,68900
21-1093,Social and Human Service Assistants,38300,28800,43100,28100,31000,37100,44500,50500
21-1094,Community Health Workers,48800,36600,54900,34200,41200,46300,53600,69000
21-1099,"Community and Social Service Specialists, All Other",42400,26400,50400,16000,36300,42600,50400,67200
21-2011,Clergy,58600,43800,66000,44200,44700,51700,64100,73700
21-2021,"Directors, Religious Activities and Education",73000,53200,82900,50600,59000,68600,90900,94000
21-2099,"Religious Workers, All Other",42300,27400,49800,27100,29100,35100,48600,63000
23-1011,Lawyers,130900,69800,161500,66600,80700,113600,147900,220800
23-1012,Judicial Law Clerks,51100,35900,58700,34600,38700,43500,53600,70400
23-1021,"Administrative Law Judges, Adjudicators, and Hearing Officers",75000,43400,90800,41700,47400,55300,106700,164900
23-1022,"Arbitrators, Mediators, and Conciliators",69600,44400,82200,41000,50300,55400,81100,106100
23-1023,"Judges, Magistrate Judges, and Magistrates",122200,54400,156100,57400,57400,94500,154200,186600
23-2011,Paralegals and Legal Assistants,53500,35000,62700,33300,39300,48400,64400,80300
23-2093,"Title Examiners, Abstractors, and Searchers",32600,23000,37400,20600,26800,30400,40900,46200
23-2099,"Legal Support Workers, All Other",57800,41800,65800,42000,44100,57100,64900,68600
25-1011,"Business Teachers, Postsecondary",93600,47400,116700,40900,59600,79100,122800,162200
25-1021,"Computer Science Teachers, Postsecondary",92100,45200,115600,42400,54400,91100,121500,150300
25-1022,"Mathematical Science Teachers, Postsecondary",67800,42500,80500,38800,50300,62400,78200,100500
25-1031,"Architecture Teachers, Postsecondary",96100,61400,113400,56600,71800,90000,113700,145600
25-1032,"Engineering Teachers, Postsecondary",134200,108800,146900,99700,122100,122800,153600,199500
25-1041,"Agricultural Sciences Teachers, Postsecondary",96500,63600,113000,60200,73600,99800,121200,153000
25-1042,"Biological Science Teachers, Postsecondary",95500,56400,115100,52300,65200,80700,119900,157900
25-1043,"Forestry and Conservation Science Teachers, Postsecondary",96800,78200,106000,79200,79500,93800,100300,117000
25-1051,"Atmospheric, Earth, Marine, and Space Sciences Teachers, Postsecondary",103700,72700,119200,54600,99600,108200,114700,143300
25-1052,"Chemistry Teachers, Postsecondary",91600,55000,109900,51700,63200,80600,117800,155200
25-1053,"Environmental Science Teachers, Postsecondary",87700,55800,103600,54300,60800,75100,118800,149700
25-1054,"Physics Teachers, Postsecondary",100100,64000,118100,60800,72700,94400,118600,156800
25-1061,"Anthropology and Archeology Teachers, Postsecondary",89300,53000,107400,49300,62700,84600,107700,147000
25-1062,"Area, Ethnic, and Cultural Studies Teachers, Postsecondary",81000,49500,96800,47300,56000,73300,95600,121400
25-1063,"Economics Teachers, Postsecondary",115800,56100,145600,43000,76700,104900,141600,198000
25-1064,"Geography Teachers, Postsecondary",81900,59100,93300,59300,61800,77400,97500,111200
25-1065,"Political Science Teachers, Postsecondary",85800,50500,103400,45300,61200,77300,98500,151600
25-1066,"Psychology Teachers, Postsecondary",79200,48400,94600,42700,59200,74100,93200,125100
25-1067,"Sociology Teachers, Postsecondary",92600,54300,111700,49600,64300,80800,101000,156600
25-1069,"Social Sciences Teachers, Postsecondary, All Other",72100,41200,87600,38000,48400,62000,74800,130500
25-1071,"Health Specialties Teachers, Postsecondary",142900,65600,181600,60200,78700,106900,212400,275900
25-1072,"Nursing Instructors and Teachers, Postsecondary",71000,44400,84300,35400,58600,72300,78500,101200
25-1081,"Education Teachers, Postsecondary",63400,32900,78700,18600,47400,61400,74500,96400
25-1082,"Library Science Teachers, Postsecondary",68100,55100,74600,53500,58400,63200,73500,90300
25-1111,"Criminal Justice and Law Enforcement Teachers, Postsecondary",65300,45200,75400,43500,49600,59800,73200,96300
25-1112,"Law Teachers, Postsecondary",121800,64300,150600,57300,79800,112700,152800,208800
25-1113,"Social Work Teachers, Postsecondary",69300,42700,82600,39700,49900,64700,76100,102700
25-1121,"Art, Drama, and Music Teachers, Postsecondary",82000,43200,101400,40300,51500,76700,100500,126300
25-1122,"Communications Teachers, Postsecondary",71700,43000,86100,38200,52100,64200,91200,122400
25-1123,"English Language and Literature Teachers, Postsecondary",66500,44300,77600,41700,50100,61300,76700,98600
25-1124,"Foreign Language and Literature Teachers, Postsecondary",69200,45000,81200,38200,56000,62700,81400,104500
25-1125,"History Teachers, Postsecondary",75300,52700,86600,48300,61600,74200,79700,101000
25-1126,"Philosophy and Religion Teachers, Postsecondary",73400,39700,90300,31400,52300,66300,91400,118700
25-1192,"Family and Consumer Sciences Teachers, Postsecondary",73500,46900,86800,45000,52700,68600,87600,116300
25-1193,"Recreation and Fitness Studies Teachers, Postsecondary",63700,42300,74400,39300,49000,60900,73600,96300
25-1194,"Career/Technical Education Teachers, Postsecondary",55200,40900,62300,35000,50400,56000,63000,63000
25-1199,"Postsecondary Teachers, All Other",65100,47700,73800,47800,49700,60400,74500,94200
25-2011,"Preschool Teachers, Except Special Education",43400,30000,50100,30000,31600,39300,48900,61500
25-2012,"Kindergarten Teachers, Except Special Education",67200,50700,75500,51300,53100,69300,70400,92800
25-2021,"Elementary School Teachers, Except Special Education",64700,47000,73600,47900,48700,64800,68900,81000
25-2022,"Middle School Teachers, Except Special and Career/Technical Education",66400,50600,74300,49500,54300,65900,76900,83800
25-2023,"Career/Technical Education Teachers, Middle School",72100,55000,80600,50900,62600,71300,81300,95500
25-2031,"Secondary School Teachers, Except Special and Career/Technical Education",66200,45300,76600,42900,51800,67000,80000,83200
25-2032,"Career/Technical Education Teachers, Secondary School",66200,56500,71000,54300,60200,63600,69300,82800
25-2051,"Special Education Teachers, Preschool",75200,58200,83700,54500,65400,75800,87400,92700
25-2052,"Special Education Teachers, Kindergarten and Elementary School",61500,38000,73300,39500,40200,63200,68600,87700
25-2057,"Special Education Teachers, Middle School",67200,52300,74700,46400,61700,66200,81200,85200
25-2058,"Special Education Teachers, Secondary School",69000,52500,77200,50200,58000,69100,75800,91600
25-2059,"Special Education Teachers, All Other",84000,59000,96400,55100,66800,77400,102200,133300
25-3011,"Adult Basic Education, Adult Secondary Education, and English as a Second Language Instructors",42800,34800,46800,33100,38300,43900,46500,50500
25-3021,Self-Enrichment Teachers,53300,31000,64500,25900,38900,49800,62700,87600
25-3031,"Substitute Teachers, Short-Term",58800,20700,77900,21300,21600,34700,59900,175700
25-3041,Tutors,40500,28000,46800,24400,33500,36800,42100,51400
25-3099,"Teachers and Instructors, All Other",56400,33200,68100,29800,40200,58000,67700,83100
25-4011,Archivists,59100,34900,71200,27600,45500,54800,71100,104000
25-4012,Curators,56000,37400,65300,35300,41900,50000,65000,95700
25-4013,Museum Technicians and Conservators,52700,30500,63800,28200,35600,47400,61900,88700
25-4022,Librarians and Media Collections Specialists,61800,43000,71100,35800,54100,58500,72800,83600
25-4031,Library Technicians,29300,16200,35900,16000,16000,30400,40200,41100
25-9021,Farm and Home Management Educators,45600,17200,59900,16700,17700,32900,46500,62500
25-9031,Instructional Coordinators,73800,53000,84100,47300,64000,77600,80500,91100
25-9044,"Teaching Assistants, Postsecondary",35900,20300,43700,15800,24300,36000,46700,46700
25-9045,"Teaching Assistants, Except Postsecondary",29000,21700,32700,20400,23900,25100,33200,38700
25-9099,"Educational Instruction and Library Workers, All Other",24800,20000,27200,20000,20000,20000,30600,37000
27-1011,Art Directors,123300,70900,149500,66800,84200,125700,148800,174700
27-1012,Craft Artists,50800,19700,66400,20300,20400,35500,61100,137100
27-1013,"Fine Artists, Including Painters, Sculptors, and Illustrators",61800,40500,72500,38300,46300,59400,65800,90300
27-1014,Special Effects Artists and Animators,77300,49400,91300,48600,54800,76000,94400,119200
27-1019,"Artists and Related Workers, All Other",104200,77300,117600,70300,91200,110100,120100,130100
27-1021,Commercial and Industrial Designers,85100,54200,100500,51900,61000,79100,111400,125900
27-1022,Fashion Designers,74200,55400,83600,52100,61900,70600,78700,100500
27-1023,Floral Designers,32000,23900,36100,22700,26400,31100,35900,41400
27-1024,Graphic Designers,56700,37100,66600,32900,44500,52100,62900,85200
27-1025,Interior Designers,68200,40600,82100,36300,48900,60400,79000,112600
27-1026,Merchandise Displayers and Window Trimmers,41500,29700,47400,28300,33000,39400,51900,55100
27-1027,Set and Exhibit Designers,58900,37500,69600,35100,42700,51900,66700,91900
27-1029,"Designers, All Other",73100,37900,90700,35800,44700,68500,94900,124800
27-2011,Actors,78800,25000,105700,20300,31200,40000,98700,211200
27-2012,Producers and Directors,65300,35900,79900,31400,44400,60900,79800,131500
27-2021,Athletes and Sports Competitors,219400,26900,315700,22700,31200,93400,170700,289600
27-2022,Coaches and Scouts,48300,26300,59400,24200,30500,39400,55500,78500
27-2023,"Umpires, Referees, and Other Sports Officials",33400,26500,36800,26300,27000,28200,42100,43000
27-2031,Dancers,48300,26300,59300,25000,29600,40300,61800,87600
27-2032,Choreographers,55000,33400,65700,32100,37700,50500,63900,83600
27-2041,Music Directors and Composers,67400,37200,82400,23300,53600,60000,91900,118000
27-2042,Musicians and Singers,74700,32900,95600,29500,40000,61100,88800,146500
27-2091,"Disc Jockeys, Except Radio",41800,24900,50300,21700,29900,44600,50800,65600
27-2099,"Entertainers and Performers, Sports and Related Workers, All Other",55300,18600,73600,18800,18800,45300,94700,94700
27-3011,Broadcast Announcers and Radio Disc Jockeys,51600,26500,64200,25000,29700,36200,59500,100400
27-3023,"News Analysts, Reporters, and Journalists",86000,35900,111000,35600,41000,75300,97200,161700
27-3031,Public Relations Specialists,74500,45800,88800,42300,52500,61500,78000,104800
27-3041,Editors,71400,41100,86500,39400,46900,65100,87500,121100
27-3042,Technical Writers,75500,48300,89100,49900,49900,70100,94000,115400
27-3043,Writers and Authors,75400,46200,90000,37800,59000,63700,82400,112900
27-3091,Interpreters and Translators,59900,34200,72700,31700,40500,59100,76200,91100
27-3092,Court Reporters and Simultaneous Captioners,61100,34300,74500,32500,40100,62900,74500,87600
27-3099,"Media and Communication Workers, All Other",68400,38100,83500,35400,44800,60200,93900,105400
27-4011,Audio and Video Technicians,55200,36900,64300,35500,40700,49700,65800,78100
27-4012,Broadcast Technicians,48500,30100,57700,28300,34600,46800,57400,73500
27-4014,Sound Engineering Technicians,57300,35000,68500,32200,40900,51300,73500,95600
27-4015,Lighting Technicians,56300,43300,62800,39700,49700,55900,61800,68600
27-4021,Photographers,49100,25500,60900,21300,31600,40200,60200,79300
27-4031,"Camera Operators, Television, Video, and Film",74400,33900,94600,33900,37900,61400,121200,136600
27-4032,Film and Video Editors,57700,46100,63500,45900,47200,51200,54700,98700
27-4099,"Media and Communication Equipment Workers, All Other",52500,26000,65800,23600,30600,43900,68300,99200
29-1011,Chiropractors,70900,37000,87900,29100,48800,61400,83400,126700
29-1021,"Dentists, General",218000,105300,274400,86600,139800,191500,237500,283900
29-1022,Oral and Maxillofacial Surgeons,173500,100300,210000,80800,132300,153000,185900,224800
29-1023,Orthodontists,186200,132800,212900,130500,137900,146500,164400,198400
29-1024,Prosthodontists,238600,146700,284600,101900,214300,269000,327900,397800
29-1029,"Dentists, All Other Specialists",178100,108800,212800,72400,160700,186700,217100,263100
29-1031,Dietitians and Nutritionists,73900,51800,85000,44200,64800,76300,85200,85700
29-1041,Optometrists,127500,84700,148900,79600,97500,125400,148200,193500
29-1051,Pharmacists,133200,104800,147500,104800,109600,134900,148900,189800
29-1071,Physician Assistants,124700,91800,141100,87300,103300,128200,137200,158000
29-1081,Podiatrists,153100,70700,194300,69000,83400,142800,207000,250700
29-1122,Occupational Therapists,110300,86200,122300,82200,95100,110500,118800,130700
29-1123,Physical Therapists,111500,88300,123000,82700,99100,112500,125200,129000
29-1124,Radiation Therapists,94800,76800,103800,75000,81700,92800,102800,122300
29-1125,Recreational Therapists,49700,33700,57800,29000,41500,48700,58300,70000
29-1126,Respiratory Therapists,78700,61600,87300,58300,68800,81200,87000,89200
29-1127,Speech-Language Pathologists,95100,60600,112300,57000,70600,95900,119800,119800
29-1128,Exercise Physiologists,60000,45500,67200,42900,49900,52800,63400,87500
29-1129,"Therapists, All Other",67600,42400,80100,40100,48600,62800,79900,103200
29-1131,Veterinarians,122200,81600,142600,72100,98500,114300,138400,197400
29-1141,Registered Nurses,87600,67400,97700,68800,68800,86700,99800,110800
29-1151,Nurse Anesthetists,239700,229200,245000,225700,234400,234600,245200,296800
29-1161,Nurse Midwives,120300,95500,132700,95800,99400,121200,142700,152300
29-1171,Nurse Practitioners,122100,109400,128400,106500,113900,115800,133400,139900
29-1181,Audiologists,95500,76100,105200,75000,81100,97900,97900,123000
29-1211,Anesthesiologists,235400,176500,264900,166300,193500,205100,227400,275000
29-1212,Cardiologists,396300,169100,510000,129000,235200,298900,362300,437400
29-1213,Dermatologists,318800,141500,407500,124800,177500,240200,291100,351500
29-1214,Emergency Medicine Physicians,272900,157300,330700,157300,157300,157300,189300,227300
29-1215,Family Medicine Physicians,318700,145200,405400,102600,211300,300600,358500,427100
29-1216,General Internal Medicine Physicians,294200,133400,374600,107700,181400,270900,309000,356000
29-1217,Neurologists,262400,105700,340800,87100,142200,228300,277500,335700
29-1218,Obstetricians and Gynecologists,282100,140800,352800,104800,198200,252300,305000,367400
29-1221,"Pediatricians, General",178100,121900,206100,124700,124700,159800,194300,235300
29-1222,"Physicians, Pathologists",244000,115400,308300,87400,161800,224600,273100,330700
29-1223,Psychiatrists,231800,108000,293700,99400,134500,222800,271100,328500
29-1224,Radiologists,329800,137900,425800,91000,205700,260800,316400,382300
29-1229,"Physicians, All Other",174000,73900,224000,73900,73900,73900,87900,104300
29-1241,"Ophthalmologists, Except Pediatric",305000,146100,384400,117000,197000,255300,307700,369800
29-1242,"Orthopedic Surgeons, Except Pediatric",334600,140500,431600,91700,210500,266900,323800,391300
29-1243,Pediatric Surgeons,413000,228100,505400,192100,295200,372700,453200,548700
29-1249,"Surgeons, All Other",432800,134400,582000,105700,186600,311300,366600,432300
29-1291,Acupuncturists,68100,44600,79900,40600,52100,60500,105800,105800
29-1292,Dental Hygienists,77500,65400,83600,65400,67600,79500,81700,94200
29-1299,"Healthcare Diagnosing or Treating Practitioners, All Other",124400,80000,146600,71700,96800,120400,149500,170300
29-2011,Medical and Clinical Laboratory Technologists,66600,39700,80000,41200,42100,65800,89000,89000
29-2012,Medical and Clinical Laboratory Technicians,66600,39700,80000,41200,42100,65800,89000,89000
29-2031,Cardiovascular Technologists and Technicians,66500,37400,81000,35400,43000,58100,80400,99600
29-2032,Diagnostic Medical Sonographers,72100,47100,84700,43000,56100,72300,85600,95200
29-2033,Nuclear Medicine Technologists,87100,70100,95600,66700,76900,86300,99400,105400
29-2034,Radiologic Technologists and Technicians,67500,52100,75200,53200,53200,67000,70300,84600
29-2035,Magnetic Resonance Imaging Technologists,82200,63700,91500,59500,72200,83700,94700,99000
29-2036,Medical Dosimetrists,153100,124200,167600,120500,133600,153800,187300,188200
29-2042,Emergency Medical Technicians,43900,34700,48500,33000,38300,44800,47200,54200
29-2043,Paramedics,54700,37100,63600,36000,41500,55600,67800,67800
29-2051,Dietetic Technicians,36400,24500,42300,24200,25700,29600,39600,63000
29-2052,Pharmacy Technicians,41100,34500,44400,33100,36900,39000,45200,49900
29-2053,Psychiatric Technicians,41600,34200,45300,34700,34700,41400,45400,45400
29-2055,Surgical Technologists,57400,45400,63300,45600,46900,55900,60900,75400
29-2056,Veterinary Technologists and Technicians,36900,30200,40200,30800,30800,37700,39100,50600
29-2057,Ophthalmic Medical Technicians,40900,37100,42800,35800,38900,39300,45500,47700
29-2061,Licensed Practical and Licensed Vocational Nurses,59400,48200,65000,46500,52300,61000,65500,69600
29-2072,Medical Records Specialists,49300,35000,56400,34500,37500,45900,53500,69400
29-2081,"Opticians, Dispensing",48900,38700,54000,38300,39800,42100,62900,66300
29-2091,Orthotists and Prosthetists,73200,38400,90500,33800,47800,74000,95200,109500
29-2092,Hearing Aid Specialists,52500,34600,61400,30700,41900,52300,58100,75400
29-2099,"Health Technologists and Technicians, All Other",49800,37800,55700,37500,39600,46800,53600,63800
29-9021,Health Information Technologists and Medical Registrars,55800,39700,63800,37600,43600,47600,68700,81500
29-9091,Athletic Trainers,66000,47300,75400,45400,51800,60700,73300,99600
29-9092,Genetic Counselors,94300,76500,103200,74400,81500,91400,104200,126100
29-9093,Surgical Assistants,53500,44100,58200,40000,50500,53000,53000,77600
29-9099,"Healthcare Practitioners and Technical Workers, All Other",72900,37000,90900,38600,39300,63500,101500,121200
31-1121,Home Health Aides,27900,23000,30300,22700,23800,25700,30900,35100
31-1122,Personal Care Aides,27900,23000,30300,22700,23800,25700,30900,35200
31-1131,Nursing Assistants,37200,31800,39900,30500,34100,36200,39700,44300
31-1132,Orderlies,33400,30100,35000,29200,31900,33500,33500,41800
31-1133,Psychiatric Aides,34700,28200,38000,26200,31800,35600,37600,40300
31-2011,Occupational Therapy Assistants,75600,57700,84600,56900,62300,80100,85400,99400
31-2012,Occupational Therapy Aides,39600,31100,43900,29800,33800,37700,43300,49300
31-2021,Physical Therapist Assistants,75700,58600,84200,56900,64200,80100,86600,88600
31-2022,Physical Therapist Aides,30700,23800,34200,23200,25600,30700,33500,37400
31-9011,Massage Therapists,58500,30600,72500,19900,42200,56900,80800,83000
31-9091,Dental Assistants,41900,37600,44100,37300,38300,39000,47900,50500
31-9092,Medical Assistants,39900,34100,42800,32300,37100,39300,44700,48100
31-9093,Medical Equipment Preparers,42000,35000,45500,35700,35700,43500,47300,49600
31-9094,Medical Transcriptionists,41700,27200,49000,25700,31000,41500,49200,56700
31-9095,Pharmacy Aides,35900,28400,39700,27000,30800,33800,39900,48700
31-9096,Veterinary Assistants and Laboratory Animal Caretakers,35100,31100,37100,31300,31600,34900,37200,44000
31-9097,Phlebotomists,42700,37400,45300,36700,38800,41300,45900,48400
31-9099,"Healthcare Support Workers, All Other",49100,27200,60000,25200,31800,47700,55800,71600
33-1011,First-Line Supervisors of Correctional Officers,59500,50900,63800,51100,51600,57200,62200,73400
33-1012,First-Line Supervisors of Police and Detectives,86100,58100,100100,54800,66600,85000,96500,114900
33-1021,First-Line Supervisors of Firefighting and Prevention Workers,67400,52500,74800,49900,58300,68500,68500,79300
33-1091,First-Line Supervisors of Security Workers,61000,40500,71300,35300,50000,62500,66800,81400
33-1099,"First-Line Supervisors of Protective Service Workers, All Other",71600,45000,84900,42900,52200,74800,86900,96300
33-2011,Firefighters,50800,43300,54500,39500,48900,48900,57300,59100
33-2021,Fire Inspectors and Investigators,66000,45400,76300,42600,51900,64200,76000,89400
33-2022,Forest Fire Inspectors and Prevention Specialists,47700,40600,51300,41000,41000,45900,53100,57900
33-3011,Bailiffs,92500,31500,123000,29100,37400,58500,175300,184400
33-3012,Correctional Officers and Jailers,47200,41900,49800,41600,43200,46700,51200,52700
33-3021,Detectives and Criminal Investigators,75700,59300,83900,57100,63700,69900,77000,90400
33-3031,Fish and Game Wardens,70200,55300,77700,52100,61800,71900,78800,85600
33-3041,Parking Enforcement Workers,37500,34600,39000,34400,35100,36300,37200,44200
33-3051,Police and Sheriffs Patrol Officers,52200,48700,54000,48700,48700,48700,54100,60000
33-3052,Transit and Railroad Police,74700,53100,85600,51800,57300,68600,93900,115900
33-9011,Animal Control Workers,39800,32600,43400,30700,35900,39100,43800,50400
33-9021,Private Detectives and Investigators,54300,39200,61800,38900,40600,45500,59800,92200
33-9031,Gambling Surveillance Officers and Gambling Investigators,37900,29900,41900,29300,31700,36100,41400,50700
33-9032,Security Guards,38400,26100,44500,23200,31000,36100,43900,59200
33-9091,Crossing Guards and Flaggers,37500,22100,45300,22300,23400,33500,40400,73400
33-9092,"Lifeguards, Ski Patrol, and Other Recreational Protective Service Workers",31000,25200,33900,24300,27300,31100,33900,36900
33-9093,Transportation Security Screeners,57800,44300,64600,41400,50600,61200,65200,67200
33-9094,School Bus Monitors,28300,18700,33200,15900,21300,29000,34100,37100
33-9099,"Protective Service Workers, All Other",35000,24200,40300,25000,25000,34800,39000,43000
35-1011,Chefs and Head Cooks,53400,32300,63900,29100,38700,50900,60800,82400
35-1012,First-Line Supervisors of Food Preparation and Serving Workers,40700,29000,46500,28900,30600,38200,48700,60800
35-2011,"Cooks, Fast Food",27200,22500,29600,22000,23800,26200,30300,33600
35-2012,"Cooks, Institution and Cafeteria",33700,27800,36600,26500,30100,32100,37700,42000
35-2013,"Cooks, Private Household",43000,35200,46900,33900,37300,38600,40700,78100
35-2014,"Cooks, Restaurant",33000,26400,36300,24600,29700,32500,37600,39800
35-2015,"Cooks, Short Order",26000,21000,28500,21100,21100,22400,31200,37000
35-2019,"Cooks, All Other",35200,27200,39200,26600,29200,34900,40600,40600
35-2021,Food Preparation Workers,32500,26500,35500,24800,29500,32200,36100,38300
35-3011,Bartenders,31100,16900,38200,16300,17500,29600,39200,46700
35-3023,Fast Food and Counter Workers,26500,22400,28600,21600,23600,24400,29600,34800
35-3031,Waiters and Waitresses,26300,16500,31200,16600,16800,19900,31100,47500
35-3041,"Food Servers, Nonrestaurant",32100,26000,35100,24600,28800,32300,35000,40000
35-9011,Dining Room and Cafeteria Attendants and Bartender Helpers,29400,20800,33700,18900,23700,28400,32700,38300
35-9021,Dishwashers,29300,23600,32200,22800,25500,29400,32400,36900
35-9031,"Hosts and Hostesses, Restaurant, Lounge, and Coffee Shop",26700,20500,29900,18900,23100,27900,29500,31200
35-9099,"Food Preparation and Serving Related Workers, All Other",27000,23000,29000,21700,25200,26500,26600,33200
37-1011,First-Line Supervisors of Housekeeping and Janitorial Workers,44400,33900,49600,32800,36300,40300,53500,60700
37-1012,"First-Line Supervisors of Landscaping, Lawn Service, and Groundskeeping Workers",47200,31300,55200,27300,38100,45600,54700,68400
37-2011,"Janitors and Cleaners, Except Maids and Housekeeping Cleaners",33000,24600,37100,23300,27500,32200,36300,41300
37-2012,Maids and Housekeeping Cleaners,27700,23200,29900,22800,24300,27300,29900,32500
37-2019,"Building Cleaning Workers, All Other",29100,16000,35600,15700,15700,31600,35800,42000
37-2021,Pest Control Workers,46500,32300,53600,29500,37600,43400,51200,66800
37-3011,Landscaping and Groundskeeping Workers,37100,30600,40400,30300,31900,36200,40500,45700
37-3012,"Pesticide Handlers, Sprayers, and Applicators, Vegetation",37000,32800,39100,31300,35000,35300,40100,44400
37-3013,Tree Trimmers and Pruners,44100,30100,51100,26100,36500,41500,50900,60600
37-3019,"Grounds Maintenance Workers, All Other",41300,32800,45600,30600,36400,38200,43800,57800
39-1013,First-Line Supervisors of Gambling Services Workers,56200,39500,64600,36700,45600,55500,66300,73500
39-1014,"First-Line Supervisors of Entertainment and Recreation Workers, Except Gambling Services",47100,32800,54300,32000,36400,48100,49600,64100
39-1022,First-Line Supervisors of Personal Service Workers,49500,34200,57200,30500,40600,46500,62500,72000
39-2011,Animal Trainers,40500,30400,45500,29200,33200,39100,45800,48600
39-2021,Animal Caretakers,30100,22000,34100,21800,23400,30100,32200,39500
39-3011,Gambling Dealers,36200,22100,43200,21900,23800,31200,41900,66800
39-3012,Gambling and Sports Book Writers and Runners,29100,21500,32900,20900,23200,27600,32700,41000
39-3019,"Gambling Service Workers, All Other",33600,23100,38800,21800,25800,31400,35300,50800
39-3021,Motion Picture Projectionists,44500,25200,54200,23900,28400,36100,69500,75400
39-3031,"Ushers, Lobby Attendants, and Ticket Takers",28600,23400,31200,23300,24400,29000,33400,33400
39-3091,Amusement and Recreation Attendants,23800,18000,26700,18000,18500,21600,29200,31800
39-3092,Costume Attendants,64900,34000,80400,32400,39700,68100,81400,100800
39-3093,"Locker Room, Coatroom, and Dressing Room Attendants",39400,23500,47400,22900,25800,34600,39700,82100
39-3099,"Entertainment Attendants and Related Workers, All Other",26000,21700,28200,21300,22600,24300,24400,34700
39-4011,Embalmers,62300,46700,70100,46900,49200,63000,70800,77200
39-4012,Crematory Operators,39700,30500,44400,29700,32900,38400,44400,53400
39-4021,Funeral Attendants,31800,25900,34800,23900,29300,31800,36800,39700
39-4031,"Morticians, Undertakers, and Funeral Arrangers",53100,34200,62600,31000,40600,49900,62900,82400
39-5011,Barbers,48200,24300,60200,19100,30100,48100,63800,85000
39-5012,"Hairdressers, Hairstylists, and Cosmetologists",49600,25600,61500,24100,29300,44400,55000,72900
39-5091,"Makeup Artists, Theatrical and Performance",165200,64900,215300,50000,89300,138800,172800,192900
39-5092,Manicurists and Pedicurists,29400,19100,34600,17100,21600,27100,35700,42000
39-5093,Shampooers,27900,23900,29900,22800,25600,26900,29500,34900
39-5094,Skincare Specialists,46600,25500,57100,22100,30700,43300,62900,71000
39-6011,Baggage Porters and Bellhops,30500,22500,34500,21900,24400,31500,34500,37100
39-6012,Concierges,35200,28500,38500,27100,31500,36000,37500,44000
39-7011,Tour Guides and Escorts,35200,25900,39900,24300,29200,35500,36900,44200
39-7012,Travel Guides,35200,25800,39900,24300,29200,35500,36900,44200
39-9011,Childcare Workers,28200,22700,31000,22800,23500,28800,29800,37400
39-9031,Exercise Trainers and Group Fitness Instructors,56700,38400,65800,33400,46900,52700,71200,76800
39-9032,Recreation Workers,36000,26000,41000,22800,31100,37300,41600,43700
39-9041,Residential Advisors,35500,29500,38600,29100,30600,33200,39400,44800
39-9099,"Personal Care and Service Workers, All Other",28900,21300,32700,21300,22000,25500,30700,38100
41-1011,First-Line Supervisors of Retail Sales Workers,48300,31200,56800,30300,33900,40700,55100,71100
41-1012,First-Line Supervisors of Non-Retail Sales Workers,84900,55300,99800,49000,65900,74100,100000,115400
41-2011,Cashiers,27700,22200,30500,21500,24100,28600,30600,31700
41-2012,Gambling Change Persons and Booth Cashiers,33000,23500,37700,21700,26700,31500,35500,44100
41-2021,Counter and Rental Clerks,37800,25800,43900,23200,30200,36600,44500,51400
41-2022,Parts Salespersons,42500,27100,50100,25900,30300,37700,48900,66800
41-2031,Retail Salespersons,32400,22600,37300,22500,23800,29500,35000,42900
41-3011,Advertising Sales Agents,40400,23600,48800,22100,26900,40300,43600,62700
41-3021,Insurance Sales Agents,71600,40600,87100,41000,41900,51600,82700,135900
41-3031,"Securities, Commodities, and Financial Services Sales Agents",80800,49400,96400,50200,51000,64800,88900,131300
41-3041,Travel Agents,46400,31600,53800,29300,36600,44600,51600,68900
41-3091,"Sales Representatives of Services, Except Advertising, Insurance, Financial Services, and Travel",65700,35000,81000,33200,40500,57500,81300,100800
41-4011,"Sales Representatives, Wholesale and Manufacturing, Technical and Scientific Products",100000,47800,126100,40300,61500,86100,136600,191500
41-4012,"Sales Representatives, Wholesale and Manufacturing, Except Technical and Scientific Products",84800,41500,106400,36800,50900,66800,97700,164000
41-9011,Demonstrators and Product Promoters,42300,30300,48200,29300,32800,37400,48600,60500
41-9012,Models,72800,38500,90000,37500,44700,78800,78800,108100
41-9021,Real Estate Brokers,82100,40200,103100,37300,47700,68400,106100,153200
41-9022,Real Estate Sales Agents,56600,32400,68700,30900,36900,49900,64900,101000
41-9031,Sales Engineers,113900,77200,132300,73200,86400,104300,131400,168200
41-9041,Telemarketers,30100,22200,34100,21500,24200,29000,34100,41400
41-9091,"Door-to-Door Sales Workers, News and Street Vendors, and Related Workers",36300,25600,41700,23000,29700,32500,40000,51500
41-9099,"Sales and Related Workers, All Other",49100,25600,60800,24500,28800,38800,58100,114200
43-1011,First-Line Supervisors of Office and Administrative Support Workers,70000,44300,82800,41800,50700,65300,85000,102300
43-2011,"Switchboard Operators, Including Answering Service",36800,29500,40500,29100,31300,37200,42200,42800
43-2021,Telephone Operators,37600,31700,40500,30500,33800,36000,43000,47900
43-2099,"Communications Equipment Operators, All Other",51000,37400,57800,34800,42200,46700,59600,81900
43-3011,Bill and Account Collectors,40800,20900,50700,19100,23300,47300,47300,51200
43-3021,Billing and Posting Clerks,46000,36200,50900,34600,39600,44800,50800,60200
43-3031,"Bookkeeping, Accounting, and Auditing Clerks",47300,34300,53900,32200,39000,46900,52400,64100
43-3041,Gambling Cage Workers,35500,27700,39400,26700,30000,34300,40400,45400
43-3051,Payroll and Timekeeping Clerks,57100,38700,66300,37100,43000,53400,69400,77000
43-3061,Procurement Clerks,47400,35200,53500,34400,38100,46700,54500,62200
43-3071,Tellers,40200,34800,42900,32800,38100,39300,44700,47500
43-3099,"Financial Clerks, All Other",51100,39000,57100,37100,43100,50000,59500,72300
43-4011,Brokerage Clerks,61000,45700,68700,44400,49800,60700,69400,81200
43-4021,Correspondence Clerks,42500,32800,47300,31600,35800,42600,47700,56200
43-4031,"Court, Municipal, and License Clerks",42400,33700,46700,34400,34400,42500,43300,52200
43-4041,"Credit Authorizers, Checkers, and Clerks",33700,25500,37700,25300,26300,29200,37500,50100
43-4051,Customer Service Representatives,42100,31700,47400,29900,35100,39600,47500,55300
43-4061,"Eligibility Interviewers, Government Programs",40400,35700,42700,36000,36000,39500,44500,46900
43-4071,File Clerks,30800,22500,35000,22900,22900,28500,38300,45400
43-4081,"Hotel, Motel, and Resort Desk Clerks",27300,21300,30300,19800,24100,28000,30300,34600
43-4111,"Interviewers, Except Eligibility and Loan",37900,23200,45300,21000,26800,37000,46000,56500
43-4121,"Library Assistants, Clerical",33600,22800,38900,21500,25700,33500,39300,47200
43-4131,Loan Interviewers and Clerks,49200,35600,55900,33900,40500,52200,54200,64600
43-4141,New Accounts Clerks,45400,37200,49500,36300,39600,45800,49200,57200
43-4151,Order Clerks,42800,34500,46900,33400,37000,41200,47400,55900
43-4161,"Human Resources Assistants, Except Payroll and Timekeeping",45200,37500,49100,36500,39800,43900,50600,53200
43-4171,Receptionists and Information Clerks,34900,27200,38700,25300,30700,35100,38500,42800
43-4181,Reservation and Transportation Ticket Agents and Travel Clerks,49800,37200,56200,37400,37600,42100,74300,74300
43-4199,"Information and Record Clerks, All Other",45300,28800,53500,24000,36100,45000,55700,64000
43-5011,Cargo and Freight Agents,54900,41300,61700,39200,46100,55000,63300,75800
43-5021,Couriers and Messengers,38000,32000,40900,31200,33400,35100,40800,46000
43-5031,Public Safety Telecommunicators,39400,35400,41400,33700,37800,37800,40100,47000
43-5032,"Dispatchers, Except Police, Fire, and Ambulance",44700,29300,52400,29800,30900,42700,54000,66500
43-5041,"Meter Readers, Utilities",47700,34400,54300,33000,37700,44500,55200,73300
43-5051,Postal Service Clerks,64400,50100,71500,44600,59400,65900,72300,77200
43-5052,Postal Service Mail Carriers,60800,44200,69000,45000,45000,55500,77100,87600
43-5053,"Postal Service Mail Sorters, Processors, and Processing Machine Operators",61400,48100,68100,48400,49800,60500,76200,77300
43-5061,"Production, Planning, and Expediting Clerks",59800,41000,69200,37400,47800,56200,68900,85600
43-5071,"Shipping, Receiving, and Inventory Clerks",40300,32400,44300,31900,34200,39600,44700,51500
43-5111,"Weighers, Measurers, Checkers, and Samplers, Recordkeeping",43600,32800,49000,31700,35800,43400,50000,55500
43-6011,Executive Secretaries and Executive Administrative Assistants,65000,43500,75700,39600,51400,63000,77300,91200
43-6012,Legal Secretaries and Administrative Assistants,62000,36000,75000,36000,39400,57600,89600,89600
43-6013,Medical Secretaries and Administrative Assistants,42500,34900,46300,33400,37700,40800,47500,51300
43-6014,"Secretaries and Administrative Assistants, Except Legal, Medical, and Executive",40100,26700,46800,24400,31100,38900,49300,54800
43-9021,Data Entry Keyers,40100,29200,45600,26800,33800,39300,45900,52000
43-9022,Word Processors and Typists,36500,30700,39400,31200,31200,37000,40300,42900
43-9031,Desktop Publishers,57600,35500,68600,34400,38700,46400,76200,108700
43-9041,Insurance Claims and Policy Processing Clerks,54100,35400,63400,36700,36700,52400,65800,65800
43-9051,"Mail Clerks and Mail Machine Operators, Except Postal Service",36900,29900,40300,28300,33000,37100,38800,45500
43-9061,"Office Clerks, General",39700,28100,45500,26300,32100,39200,46100,52400
43-9071,"Office Machine Operators, Except Computer",39500,31100,43700,29700,34000,38600,45600,50800
43-9081,Proofreaders and Copy Markers,45100,32900,51200,30900,36800,41800,54500,61500
43-9111,Statistical Assistants,50400,38600,56400,36300,43000,47600,58400,72500
43-9199,"Office and Administrative Support Workers, All Other",41900,28900,48400,26900,32500,35400,52300,66400
45-1011,"First-Line Supervisors of Farming, Fishing, and Forestry Workers",77100,47900,91700,44100,57300,79500,94000,103500
45-2011,Agricultural Inspectors,47900,42800,50500,42800,42800,42800,52500,63700
45-2021,Animal Breeders,55700,40100,63500,38400,44300,52500,59700,88200
45-2041,"Graders and Sorters, Agricultural Products",37500,31600,40500,29800,34800,37500,40300,45000
45-2091,Agricultural Equipment Operators,39500,32000,43300,31800,33300,38200,42500,50700
45-2092,"Farmworkers and Laborers, Crop, Nursery, and Greenhouse",35500,29300,38600,28100,31200,32500,41100,46000
45-2093,"Farmworkers, Farm, Ranch, and Aquacultural Animals",37000,27100,42000,25200,30700,35100,39700,51900
45-2099,"Agricultural Workers, All Other",38700,26900,44700,27100,28200,36900,44700,50200
45-3031,Fishing and Hunting Workers,0,0,0,0,0,0,0,0
45-4011,Forest and Conservation Workers,47000,35800,52600,36100,36200,40700,49400,82400
45-4021,Fallers,50500,39200,56100,39300,39700,43200,48800,62400
45-4022,Logging Equipment Operators,54400,40800,61200,41500,41900,51900,63700,70200
45-4023,Log Graders and Scalers,44700,38100,48000,37800,39800,45600,49000,50800
45-4029,"Logging Workers, All Other",59700,37300,70900,35800,42200,55700,76900,87300
47-1011,First-Line Supervisors of Construction Trades and Extraction Workers,74200,55200,83600,50700,63000,69600,82300,99300
47-2011,Boilermakers,60100,39200,70500,39100,43000,62200,73800,78400
47-2021,Brickmasons and Blockmasons,64600,38300,77800,40000,40000,61200,88800,88800
47-2022,Stonemasons,42000,36000,45100,36200,36200,39400,46500,57400
47-2031,Carpenters,50000,33600,58100,32000,38000,48900,60600,65300
47-2041,Carpet Installers,40800,32200,45100,31700,33700,37200,45500,57900
47-2042,"Floor Layers, Except Carpet, Wood, and Hard Tiles",44400,28800,52100,25200,35000,44200,52100,67500
47-2043,Floor Sanders and Finishers,55500,41800,62300,40500,45200,52500,63400,65600
47-2044,Tile and Stone Setters,51500,40000,57300,38500,43300,49300,55200,73200
47-2051,Cement Masons and Concrete Finishers,47700,36500,53200,36100,38800,46700,54300,60200
47-2053,Terrazzo Workers and Finishers,51900,37300,59100,35600,41200,48500,61600,86500
47-2061,Construction Laborers,40900,31600,45600,30200,34700,39700,44700,54100
47-2071,"Paving, Surfacing, and Tamping Equipment Operators",45900,37900,49900,37500,39300,44300,47600,55700
47-2072,Pile Driver Operators,50700,42500,54700,39500,46900,47000,58000,69800
47-2073,Operating Engineers and Other Construction Equipment Operators,49200,36800,55400,36000,39600,47700,54500,60200
47-2081,Drywall and Ceiling Tile Installers,53100,36900,61200,37100,39300,53200,58100,74500
47-2082,Tapers,58800,41100,67700,39600,45100,55000,69800,88400
47-2111,Electricians,60800,41400,70500,39300,46200,55500,75900,97700
47-2121,Glaziers,49000,34500,56200,32500,39100,47300,55400,71400
47-2131,"Insulation Workers, Floor, Ceiling, and Wall",47100,34000,53600,32700,37600,45800,53600,61800
47-2132,"Insulation Workers, Mechanical",51500,41100,56700,38900,45400,50000,59300,63100
47-2141,"Painters, Construction and Maintenance",46800,36400,52000,34500,40300,46000,48700,56100
47-2142,Paperhangers,43000,32500,48200,31100,35400,40600,48800,57600
47-2151,Pipelayers,46500,35900,51700,34500,39200,46000,50000,59900
47-2152,"Plumbers, Pipefitters, and Steamfitters",54800,37100,63600,35300,41600,50700,64000,78600
47-2161,Plasterers and Stucco Masons,45100,33700,50800,31000,38100,41500,44100,62100
47-2171,Reinforcing Iron and Rebar Workers,58900,33000,71800,33300,36500,59100,76600,95700
47-2181,Roofers,47000,34100,53400,34700,35200,45800,54300,65800
47-2211,Sheet Metal Workers,50200,37600,56500,36400,41100,49900,59800,64200
47-2221,Structural Iron and Steel Workers,54700,38500,62800,36600,43500,55900,62200,68600
47-2231,Solar Photovoltaic Installers,47300,36300,52800,34600,39600,43700,52700,66500
47-3011,"Helpers--Brickmasons, Blockmasons, Stonemasons, and Tile and Marble Setters",41300,31900,46100,31400,33600,39200,48500,56700
47-3012,Helpers--Carpenters,39000,30400,43300,28800,34300,41800,43000,43000
47-3013,Helpers--Electricians,40100,33400,43400,30600,37700,39800,41100,49400
47-3014,"Helpers--Painters, Paperhangers, Plasterers, and Stucco Masons",32200,28800,33800,28100,30300,32800,33900,33900
47-3015,"Helpers--Pipelayers, Plumbers, Pipefitters, and Steamfitters",37200,32500,39500,32600,33000,35900,39400,48800
47-3016,Helpers--Roofers,39900,34900,42400,32700,38700,42000,42000,43400
47-3019,"Helpers, Construction Trades, All Other",43200,33200,48300,30800,37200,39100,53300,56500
47-4011,Construction and Building Inspectors,66800,49100,75700,47400,53000,60000,78500,102700
47-4021,Elevator and Escalator Installers and Repairers,70700,40700,85700,35100,51000,68000,93700,106900
47-4031,Fence Erectors,36200,29000,39900,28000,31300,35700,39000,47300
47-4041,Hazardous Materials Removal Workers,45000,32700,51200,31300,36300,43900,50700,57300
47-4051,Highway Maintenance Workers,38600,28700,43600,26900,32500,38800,43400,48700
47-4061,Rail-Track Laying and Maintenance Equipment Operators,63800,46800,72200,46300,49700,60600,64100,73100
47-4071,Septic Tank Servicers and Sewer Pipe Cleaners,46300,34100,52300,32200,37900,42800,52800,69000
47-4091,Segmental Pavers,48000,33900,55000,32300,38000,46500,56500,73800
47-4099,"Construction and Related Workers, All Other",47800,33800,54700,32100,37800,46300,56300,73600
47-5011,"Derrick Operators, Oil and Gas",52000,39400,58300,38200,43000,52200,60200,69600
47-5012,"Rotary Drill Operators, Oil and Gas",58300,41100,66800,38900,46200,54900,68200,81800
47-5013,"Service Unit Operators, Oil and Gas",50400,37000,57100,35400,40700,48100,58100,76700
47-5022,"Excavating and Loading Machine and Dragline Operators, Surface Mining",51200,43200,55200,42700,44900,49500,57900,61600
47-5023,"Earth Drillers, Except Oil and Gas",56200,45900,61400,44100,49400,54600,61900,76900
47-5032,"Explosives Workers, Ordnance Handling Experts, and Blasters",56400,47800,60700,47600,48100,48100,58100,92600
47-5041,Continuous Mining Machine Operators,59600,54700,62100,54100,56300,60400,61900,63400
47-5043,"Roof Bolters, Mining",63500,50700,69900,46500,58100,64800,67600,73400
47-5044,"Loading and Moving Machine Operators, Underground Mining",53400,47300,56500,47600,47700,52300,59100,62600
47-5049,"Underground Mining Machine Operators, All Other",57300,42600,64700,42400,45200,56900,67500,69300
47-5051,"Rock Splitters, Quarry",52000,40100,57900,39000,42600,47300,52500,91800
47-5071,"Roustabouts, Oil and Gas",40900,31700,45400,31500,33400,39800,47600,53000
47-5081,Helpers--Extraction Workers,47900,40500,51600,38900,44200,51900,51900,52000
47-5099,"Extraction Workers, All Other",46300,35600,51700,34300,38500,43800,51100,64700
49-1011,"First-Line Supervisors of Mechanics, Installers, and Repairers",78300,50300,92200,47000,57600,70500,89900,116900
49-2011,"Computer, Automated Teller, and Office Machine Repairers",43300,35100,47400,33600,37800,40800,49200,56400
49-2021,"Radio, Cellular, and Tower Equipment Installers and Repairers",70300,56100,77500,53200,61600,68000,79100,92400
49-2022,"Telecommunications Equipment Installers and Repairers, Except Line Installers",62900,49600,69600,46800,54900,61900,63200,86900
49-2091,Avionics Technicians,74000,48700,86700,42000,60100,69000,88200,105100
49-2092,"Electric Motor, Power Tool, and Related Repairers",51600,41500,56700,40400,44100,50100,57600,66400
49-2093,"Electrical and Electronics Installers and Repairers, Transportation Equipment",72300,63400,76700,63400,63400,63500,81400,100800
49-2094,"Electrical and Electronics Repairers, Commercial and Industrial Equipment",65900,50000,73800,47300,55900,66700,72700,84800
49-2095,"Electrical and Electronics Repairers, Powerhouse, Substation, and Relay",104800,75100,119700,61600,96600,106300,124300,129000
49-2096,"Electronic Equipment Installers and Repairers, Motor Vehicles",62700,42300,72800,41300,46100,57800,78700,93900
49-2097,Audiovisual Equipment Installers and Repairers,54200,37700,62400,34800,43500,51400,63100,76100
49-2098,Security and Fire Alarm Systems Installers,47700,39000,52000,36100,43200,43200,55900,64400
49-3011,Aircraft Mechanics and Service Technicians,59100,44700,66300,44800,47300,61400,69900,79900
49-3021,Automotive Body and Related Repairers,66200,40200,79200,38100,44800,52800,81900,134500
49-3022,Automotive Glass Installers and Repairers,45000,31100,52000,29900,34900,46800,49400,59700
49-3023,Automotive Service Technicians and Mechanics,56900,33200,68800,31400,38200,51700,66200,82500
49-3031,Bus and Truck Mechanics and Diesel Engine Specialists,62400,43400,72000,40700,48800,57300,72200,87900
49-3041,Farm Equipment Mechanics and Service Technicians,51000,39800,56600,37900,43800,49600,62300,65700
49-3042,"Mobile Heavy Equipment Mechanics, Except Engines",59700,45500,66800,42400,50900,56100,67800,81600
49-3043,Rail Car Repairers,61600,49100,67800,49400,50700,61200,63400,76600
49-3051,Motorboat Mechanics and Service Technicians,52900,38700,60000,35800,44600,52300,60700,73200
49-3052,Motorcycle Mechanics,45200,30100,52800,27100,35600,43900,52100,65200
49-3053,Outdoor Power Equipment and Other Small Engine Mechanics,43900,33000,49400,30900,37100,43100,50900,58000
49-3091,Bicycle Repairers,29600,27300,30700,26000,29200,29200,29200,33100
49-3092,Recreational Vehicle Service Technicians,47200,28400,56600,28800,30500,45800,58600,76000
49-3093,Tire Repairers and Changers,38300,30000,42500,30200,31100,38500,41400,48600
49-9011,Mechanical Door Repairers,51400,38500,57800,37400,41400,47700,58400,66400
49-9012,"Control and Valve Installers and Repairers, Except Mechanical Door",66300,42200,78300,40700,47500,62900,79900,95500
49-9021,"Heating, Air Conditioning, and Refrigeration Mechanics and Installers",57600,43300,64800,39500,49700,54400,67200,82100
49-9031,Home Appliance Repairers,50000,33100,58500,30700,38500,50000,60400,67100
49-9041,Industrial Machinery Mechanics,65600,47600,74600,46500,51800,64700,81600,82500
49-9043,"Maintenance Workers, Machinery",54200,37300,62700,38400,38400,52200,68000,74700
49-9044,Millwrights,63700,45300,73000,41600,52900,64200,74300,83900
49-9045,"Refractory Materials Repairers, Except Brickmasons",58200,40300,67200,36800,47100,56000,70200,77100
49-9051,Electrical Power-Line Installers and Repairers,91400,69900,102100,63600,80200,87000,107600,113400
49-9052,Telecommunications Line Installers and Repairers,59300,41500,68300,38900,47300,57700,73100,77800
49-9061,Camera and Photographic Equipment Repairers,47000,36400,52300,34000,41100,47800,48800,56700
49-9062,Medical Equipment Repairers,58700,42700,66700,39500,48300,53000,66800,81600
49-9063,Musical Instrument Repairers and Tuners,34500,26900,38300,26900,26900,26900,48100,52300
49-9064,Watch and Clock Repairers,52300,35300,60800,34500,36700,38900,86500,86500
49-9069,"Precision Instrument and Equipment Repairers, All Other",65200,49800,72900,47300,55800,67800,72400,78000
49-9071,"Maintenance and Repair Workers, General",48200,33800,55400,31500,38800,46500,58300,65600
49-9081,Wind Turbine Service Technicians,64700,52100,71000,48800,57600,60900,73000,84500
49-9091,"Coin, Vending, and Amusement Machine Servicers and Repairers",47900,38000,52900,37500,39600,44500,54300,65000
49-9092,Commercial Divers,75100,44100,90500,40900,50900,62200,93300,149000
49-9094,Locksmiths and Safe Repairers,56300,36300,66400,30900,45700,61100,63900,73200
49-9095,Manufactured Building and Mobile Home Installers,49900,38900,55300,39300,39800,47600,65000,65500
49-9096,Riggers,67500,47200,77700,44400,53200,63200,80500,101100
49-9097,Signal and Track Switch Repairers,60200,43900,68300,38800,52400,57600,78800,79900
49-9098,"Helpers--Installation, Maintenance, and Repair Workers",38300,25500,44700,23500,29400,37700,46100,52300
49-9099,"Installation, Maintenance, and Repair Workers, All Other",48000,33200,55400,30900,37600,43800,55000,74000
51-1011,First-Line Supervisors of Production and Operating Workers,72100,51200,82500,47600,58100,66400,84000,99700
51-2011,"Aircraft Structure, Surfaces, Rigging, and Systems Assemblers",68500,46800,79400,43800,54000,68900,85500,90400
51-2021,"Coil Winders, Tapers, and Finishers",58200,47200,63700,47600,48000,55500,65100,69000
51-2028,"Electrical, Electronic, and Electromechanical Equipment Assemblers, Except Coil Winders, Tapers, and Finishers",46700,35500,52300,33600,39100,43500,52400,64900
51-2031,Engine and Other Machine Assemblers,40400,36800,42200,34200,40600,40600,40600,47000
51-2041,Structural Metal Fabricators and Fitters,52000,39500,58200,38600,42500,50600,57100,65100
51-2051,Fiberglass Laminators and Fabricators,38700,32300,41900,31600,34000,37200,38500,48000
51-2061,Timing Device Assemblers and Adjusters,41900,26400,49700,26700,28300,40600,57600,64500
51-2092,Team Assemblers,39600,35100,41900,32900,38300,38300,40100,47800
51-2099,"Assemblers and Fabricators, All Other",39600,35100,41900,32900,38400,38400,40100,47800
51-3011,Bakers,32100,23400,36500,22000,26200,31700,36200,39700
51-3021,Butchers and Meat Cutters,35900,27900,39900,25600,31900,35200,39600,46600
51-3022,"Meat, Poultry, and Fish Cutters and Trimmers",39300,31600,43100,30800,34000,40100,43400,46200
51-3023,Slaughterers and Meat Packers,39100,34000,41700,34200,34600,39300,42800,44200
51-3091,"Food and Tobacco Roasting, Baking, and Drying Machine Operators and Tenders",41500,32600,46000,33000,33000,38000,46300,66600
51-3092,Food Batchmakers,45000,33100,51000,31900,36800,45800,51000,58400
51-3093,Food Cooking Machine Operators and Tenders,40100,29600,45400,29500,31400,40100,43900,52100
51-3099,"Food Processing Workers, All Other",36500,28600,40500,27600,31200,37800,40100,43500
51-4021,"Extruding and Drawing Machine Setters, Operators, and Tenders, Metal and Plastic",53100,41500,58900,39800,44800,49700,64500,68900
51-4022,"Forging Machine Setters, Operators, and Tenders, Metal and Plastic",46800,39700,50300,39300,41000,44500,48400,63900
51-4023,"Rolling Machine Setters, Operators, and Tenders, Metal and Plastic",43600,30600,50100,27300,36700,45400,52000,57100
51-4031,"Cutting, Punching, and Press Machine Setters, Operators, and Tenders, Metal and Plastic",43800,37300,47000,37100,38100,40400,45900,59200
51-4032,"Drilling and Boring Machine Tool Setters, Operators, and Tenders, Metal and Plastic",59900,48900,65400,46500,53400,59500,67000,67000
51-4033,"Grinding, Lapping, Polishing, and Buffing Machine Tool Setters, Operators, and Tenders, Metal and Plastic",46900,37300,51700,36700,39400,46100,51500,61000
51-4034,"Lathe and Turning Machine Tool Setters, Operators, and Tenders, Metal and Plastic",46800,34700,52800,33100,38700,47400,56600,61000
51-4035,"Milling and Planing Machine Setters, Operators, and Tenders, Metal and Plastic",42900,35400,46600,33800,38000,39600,50600,58500
51-4041,Machinists,54900,39900,62400,38700,43000,50500,65800,79200
51-4051,Metal-Refining Furnace Operators and Tenders,53700,48100,56600,47200,50100,53700,59000,60800
51-4052,"Pourers and Casters, Metal",62100,59300,63600,59300,59300,59300,66600,72200
51-4061,"Model Makers, Metal and Plastic",90200,77600,96500,69900,88800,88800,88900,107000
51-4062,"Patternmakers, Metal and Plastic",57100,42400,64400,39600,47700,54400,66100,78700
51-4071,Foundry Mold and Coremakers,57700,51800,60600,52000,52000,54500,65800,69100
51-4072,"Molding, Coremaking, and Casting Machine Setters, Operators, and Tenders, Metal and Plastic",43200,34600,47400,32400,38300,40500,48000,61300
51-4081,"Multiple Machine Tool Setters, Operators, and Tenders, Metal and Plastic",36500,28200,40700,29000,29000,39000,39500,39500
51-4111,Tool and Die Makers,65400,45000,75500,41200,52800,64400,75000,86800
51-4121,"Welders, Cutters, Solderers, and Brazers",52100,38900,58800,38600,41300,51800,58100,65700
51-4122,"Welding, Soldering, and Brazing Machine Setters, Operators, and Tenders",46800,38100,51100,38100,39500,45900,52000,59800
51-4191,"Heat Treating Equipment Setters, Operators, and Tenders, Metal and Plastic",46400,38700,50300,38200,39900,43200,50100,61500
51-4192,"Layout Workers, Metal and Plastic",62500,45500,71000,44100,49800,61500,70400,85100
51-4193,"Plating Machine Setters, Operators, and Tenders, Metal and Plastic",51900,38700,58500,37700,40600,42100,50000,108600
51-4194,"Tool Grinders, Filers, and Sharpeners",56400,35200,66900,31900,42400,60000,63300,73700
51-4199,"Metal Workers and Plastic Workers, All Other",40500,34400,43500,33400,36300,38300,44700,51100
51-5111,Prepress Technicians and Workers,51400,38000,58100,35300,43500,51000,58500,65700
51-5112,Printing Press Operators,42300,32800,47000,32900,34000,40200,47500,52900
51-5113,Print Binding and Finishing Workers,43700,35100,48100,32600,39200,41200,50300,52400
51-6011,Laundry and Dry-Cleaning Workers,29500,23100,32600,23100,24200,29300,32200,35000
51-6021,"Pressers, Textile, Garment, and Related Materials",27800,19400,32000,19900,19900,28500,32400,37100
51-6031,Sewing Machine Operators,34500,27200,38100,27300,28200,34600,38500,39400
51-6041,Shoe and Leather Workers and Repairers,34200,24900,38800,21200,30200,33400,41900,41900
51-6042,Shoe Machine Operators and Tenders,37600,26900,43000,24900,31000,38400,43400,47700
51-6051,"Sewers, Hand",40600,31400,45300,30800,33600,41300,46600,49200
51-6052,"Tailors, Dressmakers, and Custom Sewers",37600,24800,44000,21100,30200,35200,41200,57600
51-6061,Textile Bleaching and Dyeing Machine Operators and Tenders,40800,30500,45900,29900,33100,41600,48300,49500
51-6062,"Textile Cutting Machine Setters, Operators, and Tenders",39900,28700,45400,25900,33900,42300,43900,47300
51-6063,"Textile Knitting and Weaving Machine Setters, Operators, and Tenders",41100,33800,44700,30900,38500,40700,44600,48500
51-6064,"Textile Winding, Twisting, and Drawing Out Machine Setters, Operators, and Tenders",39900,37000,41300,36500,38000,39900,42400,44300
51-6091,"Extruding and Forming Machine Setters, Operators, and Tenders, Synthetic and Glass Fibers",48300,41500,51700,41300,42800,47200,52200,60500
51-6092,Fabric and Apparel Patternmakers,70500,37900,86800,35500,44900,67500,90000,110600
51-6093,Upholsterers,52900,32800,62900,30200,38700,51800,60400,79700
51-6099,"Textile, Apparel, and Furnishings Workers, All Other",37600,31900,40400,31300,33100,33900,43200,48600
51-7011,Cabinetmakers and Bench Carpenters,42000,34200,45900,32100,37700,40400,47600,51000
51-7021,Furniture Finishers,41400,31200,46500,30900,32900,39400,48400,61300
51-7031,"Model Makers, Wood",59600,32600,73100,26200,42000,53400,81300,96300
51-7032,"Patternmakers, Wood",59400,44500,66900,43200,47900,55100,79500,85300
51-7041,"Sawing Machine Setters, Operators, and Tenders, Wood",41000,31100,45900,30000,34100,40600,47400,51900
51-7042,"Woodworking Machine Setters, Operators, and Tenders, Except Sawing",36900,32000,39300,32500,32500,38400,38800,39800
51-7099,"Woodworkers, All Other",43300,36000,47000,34200,38600,38600,45100,66400
51-8011,Nuclear Power Reactor Operators,121900,101400,132100,99500,107100,121700,130300,150600
51-8012,Power Distributors and Dispatchers,128600,76000,154900,68200,93700,129200,154700,176300
51-8013,Power Plant Operators,97100,60200,115600,54700,73800,107600,120900,128100
51-8021,Stationary Engineers and Boiler Operators,72800,62700,77900,60500,66800,71400,75000,91600
51-8031,Water and Wastewater Treatment Plant and System Operators,53900,40400,60700,37300,46500,54700,64700,64800
51-8091,Chemical Plant and System Operators,62000,47700,69200,46400,52100,65000,71100,75800
51-8092,Gas Plant Operators,92400,71200,103100,66400,80900,94900,107000,113300
51-8093,"Petroleum Pump System Operators, Refinery Operators, and Gaugers",83700,58100,96500,56600,64100,83700,99900,111100
51-8099,"Plant and System Operators, All Other",60600,40700,70500,39500,44500,54300,73400,78700
51-9011,Chemical Equipment Operators and Tenders,51200,34000,59900,32000,38800,49800,60700,76900
51-9012,"Separating, Filtering, Clarifying, Precipitating, and Still Machine Setters, Operators, and Tenders",49500,33200,57700,31800,37600,49700,57800,68500
51-9021,"Crushing, Grinding, and Polishing Machine Setters, Operators, and Tenders",43700,37000,47000,36200,38600,41200,49300,52900
51-9022,"Grinding and Polishing Workers, Hand",43400,32200,49000,31900,34000,40900,49500,61400
51-9023,"Mixing and Blending Machine Setters, Operators, and Tenders",49000,41800,52600,39400,45600,46800,48700,70100
51-9031,"Cutters and Trimmers, Hand",41700,23800,50600,24400,24400,33100,43200,105800
51-9032,"Cutting and Slicing Machine Setters, Operators, and Tenders",44300,33200,49800,31600,36600,41900,51000,61400
51-9041,"Extruding, Forming, Pressing, and Compacting Machine Setters, Operators, and Tenders",47100,35200,53100,32100,40900,47700,53600,59500
51-9051,"Furnace, Kiln, Oven, Drier, and Kettle Operators and Tenders",53000,42700,58100,42700,42700,42700,70200,70200
51-9061,"Inspectors, Testers, Sorters, Samplers, and Weighers",43900,33800,49000,33600,35000,40000,48900,63300
51-9071,Jewelers and Precious Stone and Metal Workers,52900,29300,64700,19400,40200,49300,73000,73000
51-9081,Dental Laboratory Technicians,55600,37800,64500,36200,41900,51400,66200,81400
51-9082,Medical Appliance Technicians,46700,35900,52200,34100,38600,39400,57200,67700
51-9083,Ophthalmic Laboratory Technicians,44900,35400,49700,34400,38400,45800,47200,58000
51-9111,Packaging and Filling Machine Operators and Tenders,41200,32000,45800,30800,34300,37300,49400,53300
51-9123,"Painting, Coating, and Decorating Workers",50300,35200,57900,34200,38900,51000,62800,65000
51-9124,"Coating, Painting, and Spraying Machine Setters, Operators, and Tenders",55900,35600,66000,33100,40800,49100,71400,83600
51-9141,Semiconductor Processing Technicians,58800,40500,67900,37200,46400,52200,75100,87300
51-9151,Photographic Process Workers and Processing Machine Operators,32900,25000,36800,25500,25500,31700,35600,45700
51-9161,Computer Numerically Controlled Tool Operators,52100,40500,57900,40900,42200,53800,53800,71500
51-9162,Computer Numerically Controlled Tool Programmers,71000,51100,81000,47300,58500,68400,82100,92800
51-9191,Adhesive Bonding Machine Operators and Tenders,41000,32800,45100,32200,34800,40200,42900,54700
51-9192,"Cleaning, Washing, and Metal Pickling Equipment Operators and Tenders",42900,35400,46600,34000,38400,43400,47300,47900
51-9193,Cooling and Freezing Equipment Operators and Tenders,47900,39700,52000,36800,44300,46700,53700,60900
51-9194,Etchers and Engravers,47000,37700,51700,36700,39500,41700,54500,57700
51-9195,"Molders, Shapers, and Casters, Except Metal and Plastic",51900,41000,57300,37200,47200,50700,54200,66000
51-9196,"Paper Goods Machine Setters, Operators, and Tenders",54400,46900,58100,47000,47000,48200,61700,80900
51-9197,Tire Builders,47200,38200,51700,37000,41100,47400,51400,57300
51-9198,Helpers--Production Workers,43400,28200,50900,27200,31400,40300,54300,71800
51-9199,"Production Workers, All Other",50400,33700,58700,33100,36000,43000,68600,86100
53-1041,Aircraft Cargo Handling Supervisors,83600,57200,96800,49500,70200,79200,99900,105100
53-1047,"First-Line Supervisors of Transportation and Material Moving Workers, Except Aircraft Cargo Handling Supervisors",64200,41000,75800,38700,47300,63200,77300,86000
53-2011,"Airline Pilots, Copilots, and Flight Engineers",351300,157500,448300,133700,206300,298000,358000,450200
53-2012,Commercial Pilots,164000,86000,203000,83500,98200,142300,219800,285700
53-2021,Air Traffic Controllers,155300,89900,188000,77200,116300,169100,187000,205800
53-2022,Airfield Operations Specialists,49300,25200,61400,22300,30000,46700,76400,76400
53-2031,Flight Attendants,78000,59700,87200,60900,60900,75500,84700,123700
53-3011,"Ambulance Drivers and Attendants, Except Emergency Medical Technicians",33300,27700,36200,27200,28700,30500,36500,48500
53-3031,Driver/Sales Workers,38900,23600,46600,23700,25100,33900,47200,65000
53-3032,Heavy and Tractor-Trailer Truck Drivers,55900,38600,64500,35700,44300,52200,64300,81000
53-3033,Light Truck Drivers,47800,29900,56700,27900,34100,40800,61600,93000
53-3051,"Bus Drivers, School",39100,27100,45000,20400,35500,35500,48000,51000
53-3052,"Bus Drivers, Transit and Intercity",48700,39400,53400,37100,43200,45900,56600,59100
53-3053,Shuttle Drivers and Chauffeurs,32900,24900,37000,22400,28800,31000,37600,45800
53-3054,Taxi Drivers,37000,27900,41600,26700,30400,34700,38800,58400
53-3099,"Motor Vehicle Operators, All Other",40200,25300,47600,24500,27600,33000,54700,73700
53-4011,Locomotive Engineers,78000,59800,87100,61000,61000,76100,79800,91600
53-4013,"Rail Yard Engineers, Dinkey Operators, and Hostlers",52800,38800,59700,39600,39600,49500,62400,75200
53-4022,"Railroad Brake, Signal, and Switch Operators and Locomotive Firers",60200,44800,67900,42800,50000,61900,66200,75900
53-4031,Railroad Conductors and Yardmasters,67400,52800,74700,47800,60600,62800,78800,91500
53-4041,Subway and Streetcar Operators,54600,49500,57100,43900,57600,57600,57600,57600
53-4099,"Rail Transportation Workers, All Other",56100,28200,70100,30000,30000,61300,75900,92400
53-5011,Sailors and Marine Oilers,40300,32800,44000,31100,35500,37200,45900,48800
53-5021,"Captains, Mates, and Pilots of Water Vessels",101300,43700,130100,40200,53000,83500,120200,136800
53-5022,Motorboat Operators,41800,34600,45400,33000,37100,37100,42700,61300
53-5031,Ship Engineers,99700,60100,119500,56500,70400,96500,123200,152500
53-6011,Bridge and Lock Tenders,53500,35500,62500,32300,42200,55000,65000,69400
53-6021,Parking Attendants,29700,20600,34300,18700,23400,29500,36000,36900
53-6031,Automotive and Watercraft Service Attendants,30000,24700,32700,24600,25400,29100,31700,38700
53-6032,Aircraft Service Attendants,44100,32500,49900,29500,37500,41500,47500,62500
53-6041,Traffic Technicians,56600,39900,65000,39200,42800,53200,64000,88000
53-6051,Transportation Inspectors,98200,59100,117700,49200,76400,97600,122200,139700
53-6061,Passenger Attendants,35100,26000,39700,26800,26800,37400,38400,48800
53-6099,"Transportation Workers, All Other",41900,25700,50000,22000,31200,43600,50500,55100
53-7011,Conveyor Operators and Tenders,40900,36500,43100,36600,36600,36800,47500,53500
53-7021,Crane and Tower Operators,64000,45600,73200,42100,53200,66400,73400,77900
53-7031,Dredge Operators,54200,44000,59300,42600,46400,48500,59700,73600
53-7041,Hoist and Winch Operators,39900,30900,44400,29400,33900,38100,45700,51500
53-7051,Industrial Truck and Tractor Operators,43100,37300,46000,36700,39000,42800,46600,47800
53-7061,Cleaners of Vehicles and Equipment,30100,23000,33600,23100,23900,29700,32400,37700
53-7062,"Laborers and Freight, Stock, and Material Movers, Hand",40400,32400,44300,31500,34500,38700,46200,48300
53-7063,Machine Feeders and Offbearers,40600,31300,45200,30600,33600,39500,47400,50500
53-7064,"Packers and Packagers, Hand",30100,23700,33300,21900,26600,28000,33000,40600
53-7065,Stockers and Order Fillers,36600,31100,39400,30900,32000,35100,40300,48000
53-7071,Gas Compressor and Gas Pumping Station Operators,67700,47200,78000,43200,55400,67500,82700,92000
53-7072,"Pump Operators, Except Wellhead Pumpers",45200,33800,50900,32500,36000,37900,56700,73200
53-7073,Wellhead Pumpers,67300,44200,78900,39500,53500,67300,77100,92500
53-7081,Refuse and Recyclable Material Collectors,46400,32900,53200,31200,36600,43600,51800,60600
53-7121,"Tank Car, Truck, and Ship Loaders",43200,30600,49500,31200,31300,39500,50300,59000
53-7199,"Material Moving Workers, All Other",44400,33800,49800,32500,36400,39600,52700,59500
00-0000,Total - All Occupations,59600,28000,75300,25400,33200,45700,68900,102900
